Device Time, G(x), G(y), G(z), G(calibrated),
27-2-2014 17:40:51.704,8.25,0.19,6.17999983,0.06994313,
27-2-2014 17:40:52.695,8.25,0.19,6.17999983,0.06994313,
27-2-2014 17:40:53.695,8.25,0.19,6.17999983,0.06994313,
27-2-2014 17:40:54.696,8.25,0.19,6.17999983,0.06994313,
27-2-2014 17:40:55.694,8.25,0.19,6.17999983,0.06994313,
27-2-2014 17:40:56.695,8.25,0.19,6.17999983,0.06994313,
27-2-2014 17:40:57.695,8.25,0.19,6.17999983,0.06994313,
27-2-2014 17:40:58.697,8.25,0.19,6.17999983,0.06994313,
27-2-2014 17:40:59.695,8.25,0.19,6.17999983,0.06994313,
27-2-2014 17:41:00.695,8.25,0.19,6.17999983,0.06994313,
27-2-2014 17:41:01.695,8.25,0.19,6.17999983,0.06994313,
27-2-2014 17:41:02.697,8.25,0.19,6.17999983,0.06994313,
27-2-2014 17:41:03.696,8.25,0.19,6.17999983,0.06994313,
27-2-2014 17:41:04.695,8.25,0.19,6.17999983,0.06994313,
27-2-2014 17:41:05.695,8.25,0.19,6.17999983,0.06994313,
27-2-2014 17:41:06.695,8.25,0.19,6.17999983,0.06994313,
27-2-2014 17:41:07.695,8.25,0.19,6.17999983,0.06994313,
27-2-2014 17:41:08.697,8.25,0.19,6.17999983,0.06994313,
27-2-2014 17:41:09.696,8.25,0.19,6.17999983,0.06994313,
27-2-2014 17:41:10.694,8.25,0.19,6.17999983,0.06994313,
27-2-2014 17:41:11.695,8.25,0.19,6.17999983,0.06994313,
27-2-2014 17:41:12.696,8.25,0.19,6.17999983,0.06994313,
27-2-2014 17:41:13.695,8.25,0.19,6.17999983,0.06994313,
27-2-2014 17:41:14.695,8.25,0.19,6.17999983,0.06994313,
27-2-2014 17:41:15.695,8.25,0.19,6.17999983,0.06994313,
27-2-2014 17:41:16.695,8.25,0.19,6.17999983,0.06994313,
27-2-2014 17:41:17.696,8.25,0.19,6.17999983,0.06994313,
27-2-2014 17:41:18.695,8.25,0.19,6.17999983,0.06994313,
27-2-2014 17:41:19.695,8.25,0.19,6.17999983,0.06994313,
27-2-2014 17:41:20.695,8.25,0.19,6.17999983,0.06994313,
27-2-2014 17:41:21.695,8.25,0.19,6.17999983,0.06994313,
27-2-2014 17:41:22.697,8.25,0.19,6.17999983,0.06994313,
27-2-2014 17:41:23.696,8.25,0.19,6.17999983,0.06994313,
27-2-2014 17:41:24.696,8.25,0.19,6.17999983,0.06994313,
27-2-2014 17:41:25.696,8.25,0.19,6.17999983,0.06994313,
27-2-2014 17:41:26.695,8.25,0.19,6.17999983,0.06994313,
27-2-2014 17:41:27.695,8.25,0.19,6.17999983,0.06994313,
27-2-2014 17:41:28.695,8.25,0.19,6.17999983,0.06994313,
27-2-2014 17:41:29.695,8.25,0.19,6.17999983,0.06994313,
27-2-2014 17:41:30.694,8.25,0.19,6.17999983,0.06994313,
27-2-2014 17:41:31.696,8.25,0.19,6.17999983,0.06994313,
27-2-2014 17:41:32.695,8.25,0.19,6.17999983,0.06994313,
27-2-2014 17:41:33.695,8.25,0.19,6.17999983,0.06994313,
27-2-2014 17:41:34.695,8.25,0.19,6.17999983,0.06994313,
27-2-2014 17:41:35.695,8.25,0.19,6.17999983,0.06994313,
27-2-2014 17:41:36.695,8.25,0.19,6.17999983,0.06994313,
27-2-2014 17:41:37.724,8.25,0.19,6.17999983,0.06994313,
27-2-2014 17:41:38.695,8.25,0.19,6.17999983,0.06994313,
27-2-2014 17:41:39.695,8.25,0.19,6.17999983,0.06994313,
27-2-2014 17:41:40.694,8.25,0.19,6.17999983,0.06994313,
27-2-2014 17:41:41.695,8.25,0.19,6.17999983,0.06994313,
27-2-2014 17:41:42.695,8.25,0.19,6.17999983,0.06994313,
27-2-2014 17:41:43.695,8.25,0.19,6.17999983,0.06994313,
27-2-2014 17:41:44.696,8.25,0.19,6.17999983,0.06994313,
27-2-2014 17:41:45.696,8.25,0.19,6.17999983,0.06994313,
27-2-2014 17:41:46.695,8.25,0.19,6.17999983,0.06994313,
27-2-2014 17:41:47.695,8.25,0.19,6.17999983,0.06994313,
27-2-2014 17:41:48.695,8.25,0.19,6.17999983,0.06994313,
27-2-2014 17:41:49.696,8.25,0.19,6.17999983,0.06994313,
27-2-2014 17:41:50.696,8.25,0.19,6.17999983,0.06994313,
27-2-2014 17:41:51.697,8.25,0.19,6.17999983,0.06994313,
27-2-2014 17:41:52.695,8.25,0.19,6.17999983,0.06994313,
27-2-2014 17:41:53.699,8.25,0.19,6.17999983,0.06994313,
27-2-2014 17:41:54.694,8.25,0.19,6.17999983,0.06994313,
27-2-2014 17:41:55.695,8.25,0.19,6.17999983,0.06994313,
27-2-2014 17:41:56.694,8.25,0.19,6.17999983,0.06994313,
27-2-2014 17:41:57.695,8.25,0.19,6.17999983,0.06994313,
27-2-2014 17:41:58.717,8.25,0.19,6.17999983,0.06994313,
27-2-2014 17:41:59.698,8.25,0.19,6.17999983,0.06994313,
27-2-2014 17:42:00.695,8.25,0.19,6.17999983,0.06994313,
27-2-2014 17:42:01.695,8.25,0.19,6.17999983,0.06994313,
27-2-2014 17:42:02.694,8.25,0.19,6.17999983,0.06994313,
27-2-2014 17:42:03.695,8.25,0.19,6.17999983,0.06994313,
27-2-2014 17:42:04.694,8.25,0.19,6.17999983,0.06994313,
27-2-2014 17:42:05.695,8.25,0.19,6.17999983,0.06994313,
27-2-2014 17:42:06.695,8.25,0.19,6.17999983,0.06994313,
27-2-2014 17:42:07.695,8.25,0.19,6.17999983,0.06994313,
27-2-2014 17:42:08.695,8.25,0.19,6.17999983,0.06994313,
27-2-2014 17:42:09.696,8.25,0.19,6.17999983,0.06994313,
27-2-2014 17:42:10.696,8.25,0.19,6.17999983,0.06994313,
27-2-2014 17:42:11.698,8.25,0.19,6.17999983,0.06994313,
27-2-2014 17:42:12.695,8.25,0.19,6.17999983,0.06994313,
27-2-2014 17:42:13.699,8.25,0.19,6.17999983,0.06994313,
27-2-2014 17:42:14.695,8.25,0.19,6.17999983,0.06994313,
27-2-2014 17:42:15.694,8.25,0.19,6.17999983,0.06994313,
27-2-2014 17:42:16.695,8.25,0.19,6.17999983,0.06994313,
27-2-2014 17:42:17.694,8.25,0.19,6.17999983,0.06994313,
27-2-2014 17:42:18.695,8.25,0.19,6.17999983,0.06994313,
27-2-2014 17:42:19.719,8.25,0.19,6.17999983,0.06994313,
27-2-2014 17:42:20.695,8.25,0.19,6.17999983,0.06994313,
27-2-2014 17:42:21.695,8.25,0.19,6.17999983,0.06994313,
27-2-2014 17:42:22.695,8.25,0.19,6.17999983,0.06994313,
27-2-2014 17:42:23.695,8.25,0.19,6.17999983,0.06994313,
27-2-2014 17:42:24.694,8.25,0.19,6.17999983,0.06994313,
27-2-2014 17:42:25.695,8.25,0.19,6.17999983,0.06994313,
27-2-2014 17:42:26.696,8.25,0.19,6.17999983,0.06994313,
27-2-2014 17:42:27.704,8.25,0.19,6.17999983,0.06994313,
27-2-2014 17:42:28.695,8.25,0.19,6.17999983,0.06994313,
27-2-2014 17:42:29.695,8.25,0.19,6.17999983,0.06994313,
27-2-2014 17:42:30.695,8.25,0.19,6.17999983,0.06994313,
27-2-2014 17:42:31.694,8.25,0.19,6.17999983,0.06994313,
27-2-2014 17:42:32.696,8.25,0.19,6.17999983,0.06994313,
27-2-2014 17:42:33.695,8.25,0.19,6.17999983,0.06994313,
27-2-2014 17:42:34.695,8.25,0.19,6.17999983,0.06994313,
27-2-2014 17:42:35.694,8.25,0.19,6.17999983,0.06994313,
27-2-2014 17:42:36.696,8.25,0.19,6.17999983,0.06994313,
27-2-2014 17:42:37.697,8.25,0.19,6.17999983,0.06994313,
27-2-2014 17:42:38.695,8.25,0.19,6.17999983,0.06994313,
27-2-2014 17:42:39.695,8.25,0.19,6.17999983,0.06994313,
27-2-2014 17:42:40.695,8.25,0.19,6.17999983,0.06994313,
27-2-2014 17:42:41.695,8.25,0.19,6.17999983,0.06994313,
27-2-2014 17:42:42.696,8.25,0.19,6.17999983,0.06994313,
27-2-2014 17:42:43.695,8.25,0.19,6.17999983,0.06994313,
27-2-2014 17:42:44.695,8.25,0.19,6.17999983,0.06994313,
27-2-2014 17:42:45.695,8.25,0.19,6.17999983,0.06994313,
27-2-2014 17:42:46.695,8.25,0.19,6.17999983,0.06994313,
27-2-2014 17:42:47.695,8.25,0.19,6.17999983,0.06994313,
27-2-2014 17:42:48.695,8.25,0.19,6.17999983,0.06994313,
27-2-2014 17:42:49.696,8.25,0.19,6.17999983,0.06994313,
27-2-2014 17:42:50.695,8.25,0.19,6.17999983,0.06994313,
27-2-2014 17:42:51.695,8.25,0.19,6.17999983,0.06994313,
27-2-2014 17:42:52.695,8.25,0.19,6.17999983,0.06994313,
27-2-2014 17:42:53.697,8.25,0.19,6.17999983,0.06994313,
27-2-2014 17:42:54.695,8.25,0.19,6.17999983,0.06994313,
27-2-2014 17:42:55.696,8.25,0.19,6.17999983,0.06994313,
27-2-2014 17:42:56.695,8.25,0.19,6.17999983,0.06994313,
27-2-2014 17:42:57.695,8.25,0.19,6.17999983,0.06994313,
27-2-2014 17:42:58.696,8.25,0.19,6.17999983,0.06994313,
27-2-2014 17:42:59.695,8.25,0.19,6.17999983,0.06994313,
27-2-2014 17:43:00.695,8.25,0.19,6.17999983,0.06994313,
27-2-2014 17:43:01.709,8.25,0.19,6.17999983,0.06994313,
27-2-2014 17:43:02.695,8.25,0.19,6.17999983,0.06994313,
27-2-2014 17:43:03.695,8.25,0.19,6.17999983,0.06994313,
27-2-2014 17:43:04.696,8.25,0.19,6.17999983,0.06994313,
27-2-2014 17:43:05.695,8.25,0.19,6.17999983,0.06994313,
27-2-2014 17:43:06.707,8.25,0.19,6.17999983,0.06994313,
27-2-2014 17:43:07.695,8.25,0.19,6.17999983,0.06994313,
27-2-2014 17:43:08.698,8.25,0.19,6.17999983,0.06994313,
27-2-2014 17:43:09.694,8.25,0.19,6.17999983,0.06994313,
27-2-2014 17:43:10.695,8.25,0.19,6.17999983,0.06994313,
27-2-2014 17:43:11.695,8.25,0.19,6.17999983,0.06994313,
27-2-2014 17:43:12.695,8.25,0.19,6.17999983,0.06994313,
27-2-2014 17:43:13.695,8.25,0.19,6.17999983,0.06994313,
27-2-2014 17:43:14.694,8.25,0.19,6.17999983,0.06994313,
27-2-2014 17:43:15.694,8.25,0.19,6.17999983,0.06994313,
27-2-2014 17:43:16.695,8.25,0.19,6.17999983,0.06994313,
27-2-2014 17:43:17.695,8.25,0.19,6.17999983,0.06994313,
27-2-2014 17:43:18.695,8.25,0.19,6.17999983,0.06994313,
27-2-2014 17:43:19.695,8.25,0.19,6.17999983,0.06994313,
27-2-2014 17:43:20.695,8.25,0.19,6.17999983,0.06994313,
27-2-2014 17:43:21.696,8.25,0.19,6.17999983,0.06994313,
27-2-2014 17:43:22.695,8.25,0.19,6.17999983,0.06994313,
27-2-2014 17:43:23.695,8.25,0.19,6.17999983,0.06994313,
27-2-2014 17:43:24.695,8.25,0.19,6.17999983,0.06994313,
27-2-2014 17:43:25.699,8.25,0.19,6.17999983,0.06994313,
27-2-2014 17:43:26.695,8.25,0.19,6.17999983,0.06994313,
27-2-2014 17:43:27.695,8.25,0.19,6.17999983,0.06994313,
27-2-2014 17:43:28.696,8.25,0.19,6.17999983,0.06994313,
27-2-2014 17:43:29.695,8.25,0.19,6.17999983,0.06994313,
27-2-2014 17:43:30.695,8.25,0.19,6.17999983,0.06994313,
27-2-2014 17:43:31.694,8.25,0.19,6.17999983,0.06994313,
27-2-2014 17:43:32.694,8.25,0.19,6.17999983,0.06994313,
27-2-2014 17:43:33.695,8.25,0.19,6.17999983,0.06994313,
27-2-2014 17:43:34.695,8.25,0.19,6.17999983,0.06994313,
27-2-2014 17:43:35.694,8.25,0.19,6.17999983,0.06994313,
27-2-2014 17:43:36.696,8.25,0.19,6.17999983,0.06994313,
27-2-2014 17:43:37.695,8.25,0.19,6.17999983,0.06994313,
27-2-2014 17:43:38.695,8.25,0.19,6.17999983,0.06994313,
27-2-2014 17:43:39.694,8.25,0.19,6.17999983,0.06994313,
27-2-2014 17:43:40.695,8.25,0.19,6.17999983,0.06994313,
27-2-2014 17:43:41.695,8.25,0.19,6.17999983,0.06994313,
27-2-2014 17:43:42.695,8.25,0.19,6.17999983,0.06994313,
27-2-2014 17:43:43.695,8.25,0.19,6.17999983,0.06994313,
27-2-2014 17:43:44.695,8.25,0.19,6.17999983,0.06994313,
27-2-2014 17:43:45.695,8.25,0.19,6.17999983,0.06994313,
27-2-2014 17:43:46.695,8.25,0.19,6.17999983,0.06994313,
27-2-2014 17:43:47.695,8.25,0.19,6.17999983,0.06994313,
27-2-2014 17:43:48.695,8.25,0.19,6.17999983,0.06994313,
27-2-2014 17:43:49.695,8.25,0.19,6.17999983,0.06994313,
27-2-2014 17:43:50.695,8.25,0.19,6.17999983,0.06994313,
27-2-2014 17:43:51.695,8.25,0.19,6.17999983,0.06994313,
27-2-2014 17:43:52.694,8.25,0.19,6.17999983,0.06994313,
27-2-2014 17:43:53.695,8.25,0.19,6.17999983,0.06994313,
27-2-2014 17:43:54.695,8.25,0.19,6.17999983,0.06994313,
27-2-2014 17:43:55.698,8.25,0.19,6.17999983,0.06994313,
27-2-2014 17:43:56.695,8.25,0.19,6.17999983,0.06994313,
27-2-2014 17:43:57.695,8.25,0.19,6.17999983,0.06994313,
27-2-2014 17:43:58.695,8.25,0.19,6.17999983,0.06994313,
27-2-2014 17:43:59.694,8.25,0.19,6.17999983,0.06994313,
27-2-2014 17:44:00.695,8.25,0.19,6.17999983,0.06994313,
27-2-2014 17:44:01.695,8.25,0.19,6.17999983,0.06994313,
27-2-2014 17:44:02.695,8.25,0.19,6.17999983,0.06994313,
27-2-2014 17:44:03.695,8.25,0.19,6.17999983,0.06994313,
27-2-2014 17:44:04.694,8.25,0.19,6.17999983,0.06994313,
27-2-2014 17:44:05.695,8.25,0.19,6.17999983,0.06994313,
27-2-2014 17:44:06.695,8.25,0.19,6.17999983,0.06994313,
27-2-2014 17:44:07.696,8.25,0.19,6.17999983,0.06994313,
27-2-2014 17:44:08.694,8.25,0.19,6.17999983,0.06994313,
27-2-2014 17:44:09.695,8.25,0.19,6.17999983,0.06994313,
27-2-2014 17:44:10.699,8.25,0.19,6.17999983,0.06994313,
27-2-2014 17:44:11.695,8.25,0.19,6.17999983,0.06994313,
27-2-2014 17:44:12.697,8.25,0.19,6.17999983,0.06994313,
27-2-2014 17:44:13.695,8.25,0.19,6.17999983,0.06994313,
27-2-2014 17:44:14.694,8.25,0.19,6.17999983,0.06994313,
27-2-2014 17:44:15.695,8.25,0.19,6.17999983,0.06994313,
27-2-2014 17:44:16.695,8.25,0.19,6.17999983,0.06994313,
27-2-2014 17:44:17.696,8.25,0.19,6.17999983,0.06994313,
27-2-2014 17:44:18.694,8.25,0.19,6.17999983,0.06994313,
27-2-2014 17:44:19.695,8.25,0.19,6.17999983,0.06994313,
27-2-2014 17:44:20.695,8.25,0.19,6.17999983,0.06994313,
27-2-2014 17:44:21.695,8.25,0.19,6.17999983,0.06994313,
27-2-2014 17:44:22.695,8.25,0.19,6.17999983,0.06994313,
27-2-2014 17:44:23.695,8.25,0.19,6.17999983,0.06994313,
27-2-2014 17:44:24.696,8.25,0.19,6.17999983,0.06994313,
27-2-2014 17:44:25.696,8.25,0.19,6.17999983,0.06994313,
27-2-2014 17:44:26.695,8.25,0.19,6.17999983,0.06994313,
27-2-2014 17:44:27.695,8.25,0.19,6.17999983,0.06994313,
27-2-2014 17:44:28.699,8.25,0.19,6.17999983,0.06994313,
27-2-2014 17:44:29.694,8.25,0.19,6.17999983,0.06994313,
27-2-2014 17:44:30.695,8.25,0.19,6.17999983,0.06994313,
27-2-2014 17:44:31.695,8.25,0.19,6.17999983,0.06994313,
27-2-2014 17:44:32.695,8.25,0.19,6.17999983,0.06994313,
27-2-2014 17:44:33.695,8.25,0.19,6.17999983,0.06994313,
27-2-2014 17:44:34.695,8.25,0.19,6.17999983,0.06994313,
27-2-2014 17:44:35.694,8.25,0.19,6.17999983,0.06994313,
27-2-2014 17:44:36.694,8.25,0.19,6.17999983,0.06994313,
27-2-2014 17:44:37.697,8.25,0.19,6.17999983,0.06994313,
27-2-2014 17:44:38.694,8.25,0.19,6.17999983,0.06994313,
27-2-2014 17:44:39.695,8.25,0.19,6.17999983,0.06994313,
27-2-2014 17:44:40.695,8.25,0.19,6.17999983,0.06994313,
27-2-2014 17:44:41.695,8.25,0.19,6.17999983,0.06994313,
27-2-2014 17:44:42.694,8.25,0.19,6.17999983,0.06994313,
27-2-2014 17:44:43.694,8.25,0.19,6.17999983,0.06994313,
27-2-2014 17:44:44.696,8.25,0.19,6.17999983,0.06994313,
27-2-2014 17:44:45.695,8.25,0.19,6.17999983,0.06994313,
27-2-2014 17:44:46.695,8.25,0.19,6.17999983,0.06994313,
27-2-2014 17:44:47.696,8.25,0.19,6.17999983,0.06994313,
27-2-2014 17:44:48.694,8.25,0.19,6.17999983,0.06994313,
27-2-2014 17:44:49.694,8.25,0.19,6.17999983,0.06994313,
27-2-2014 17:44:50.695,8.25,0.19,6.17999983,0.06994313,
27-2-2014 17:44:51.695,8.25,0.19,6.17999983,0.06994313,
27-2-2014 17:44:52.694,8.25,0.19,6.17999983,0.06994313,
27-2-2014 17:44:53.694,8.25,0.19,6.17999983,0.06994313,
27-2-2014 17:44:54.695,8.25,0.19,6.17999983,0.06994313,
27-2-2014 17:44:55.695,8.25,0.19,6.17999983,0.06994313,
27-2-2014 17:44:56.695,8.25,0.19,6.17999983,0.06994313,
27-2-2014 17:44:57.697,8.25,0.19,6.17999983,0.06994313,
27-2-2014 17:44:58.694,8.25,0.19,6.17999983,0.06994313,
27-2-2014 17:44:59.695,8.25,0.19,6.17999983,0.06994313,
27-2-2014 17:45:00.695,8.25,0.19,6.17999983,0.06994313,
27-2-2014 17:45:01.696,8.25,0.19,6.17999983,0.06994313,
27-2-2014 17:45:02.695,8.25,0.19,6.17999983,0.06994313,
27-2-2014 17:45:03.696,8.25,0.19,6.17999983,0.06994313,
27-2-2014 17:45:04.695,8.25,0.19,6.17999983,0.06994313,
27-2-2014 17:45:05.694,8.25,0.19,6.17999983,0.06994313,
27-2-2014 17:45:06.696,8.25,0.19,6.17999983,0.06994313,
27-2-2014 17:45:07.696,8.25,0.19,6.17999983,0.06994313,
27-2-2014 17:45:08.695,8.25,0.19,6.17999983,0.06994313,
27-2-2014 17:45:09.695,8.25,0.19,6.17999983,0.06994313,
27-2-2014 17:45:10.695,8.25,0.19,6.17999983,0.06994313,
27-2-2014 17:45:11.694,8.25,0.19,6.17999983,0.06994313,
27-2-2014 17:45:12.694,8.25,0.19,6.17999983,0.06994313,
27-2-2014 17:45:13.698,8.25,0.19,6.17999983,0.06994313,
27-2-2014 17:45:14.695,8.25,0.19,6.17999983,0.06994313,
27-2-2014 17:45:15.695,8.25,0.19,6.17999983,0.06994313,
27-2-2014 17:45:16.695,8.25,0.19,6.17999983,0.06994313,
27-2-2014 17:45:17.695,8.25,0.19,6.17999983,0.06994313,
27-2-2014 17:45:18.695,8.25,0.19,6.17999983,0.06994313,
27-2-2014 17:45:19.694,8.25,0.19,6.17999983,0.06994313,
27-2-2014 17:45:20.696,8.25,0.19,6.17999983,0.06994313,
27-2-2014 17:45:21.695,8.25,0.19,6.17999983,0.06994313,
27-2-2014 17:45:22.695,8.25,0.19,6.17999983,0.06994313,
27-2-2014 17:45:23.695,8.25,0.19,6.17999983,0.06994313,
27-2-2014 17:45:24.710,8.25,0.19,6.17999983,0.06994313,
27-2-2014 17:45:25.694,8.25,0.19,6.17999983,0.06994313,
27-2-2014 17:45:26.695,8.25,0.19,6.17999983,0.06994313,
27-2-2014 17:45:27.694,8.25,0.19,6.17999983,0.06994313,
27-2-2014 17:45:28.695,8.25,0.19,6.17999983,0.06994313,
27-2-2014 17:45:29.698,8.25,0.19,6.17999983,0.06994313,
27-2-2014 17:45:30.696,8.25,0.19,6.17999983,0.06994313,
27-2-2014 17:45:31.695,8.25,0.19,6.17999983,0.06994313,
27-2-2014 17:45:32.695,8.25,0.19,6.17999983,0.06994313,
27-2-2014 17:45:33.696,8.25,0.19,6.17999983,0.06994313,
27-2-2014 17:45:34.695,8.25,0.19,6.17999983,0.06994313,
27-2-2014 17:45:35.694,8.25,0.19,6.17999983,0.06994313,
27-2-2014 17:45:36.695,8.25,0.19,6.17999983,0.06994313,
27-2-2014 17:45:37.695,8.25,0.19,6.17999983,0.06994313,
27-2-2014 17:45:38.699,8.25,0.19,6.17999983,0.06994313,
27-2-2014 17:45:39.699,8.25,0.19,6.17999983,0.06994313,
27-2-2014 17:45:40.695,8.25,0.19,6.17999983,0.06994313,
27-2-2014 17:45:41.697,8.25,0.19,6.17999983,0.06994313,
27-2-2014 17:45:42.696,8.25,0.19,6.17999983,0.06994313,
27-2-2014 17:45:43.694,8.25,0.19,6.17999983,0.06994313,
27-2-2014 17:45:44.695,8.25,0.19,6.17999983,0.06994313,
27-2-2014 17:45:45.697,8.25,0.19,6.17999983,0.06994313,
27-2-2014 17:45:46.695,8.25,0.19,6.17999983,0.06994313,
27-2-2014 17:45:47.694,8.25,0.19,6.17999983,0.06994313,
27-2-2014 17:45:48.698,8.25,0.19,6.17999983,0.06994313,
27-2-2014 17:45:49.694,8.25,0.19,6.17999983,0.06994313,
27-2-2014 17:45:50.695,8.25,0.19,6.17999983,0.06994313,
27-2-2014 17:45:51.695,8.25,0.19,6.17999983,0.06994313,
27-2-2014 17:45:52.695,8.25,0.19,6.17999983,0.06994313,
27-2-2014 17:45:53.695,8.25,0.19,6.17999983,0.06994313,
27-2-2014 17:45:54.694,8.25,0.19,6.17999983,0.06994313,
27-2-2014 17:45:55.695,8.25,0.19,6.17999983,0.06994313,
27-2-2014 17:45:56.694,8.25,0.19,6.17999983,0.06994313,
27-2-2014 17:45:57.703,8.25,0.19,6.17999983,0.06994313,
27-2-2014 17:45:58.695,8.25,0.19,6.17999983,0.06994313,
27-2-2014 17:45:59.700,8.25,0.19,6.17999983,0.06994313,
27-2-2014 17:46:00.696,8.25,0.19,6.17999983,0.06994313,
27-2-2014 17:46:01.695,8.25,0.19,6.17999983,0.06994313,
27-2-2014 17:46:02.696,8.25,0.19,6.17999983,0.06994313,
27-2-2014 17:46:03.695,8.25,0.19,6.17999983,0.06994313,
27-2-2014 17:46:04.695,8.25,0.19,6.17999983,0.06994313,
27-2-2014 17:46:05.696,8.25,0.19,6.17999983,0.06994313,
27-2-2014 17:46:06.695,8.25,0.19,6.17999983,0.06994313,
27-2-2014 17:46:07.695,8.25,0.19,6.17999983,0.06994313,
27-2-2014 17:46:08.696,8.25,0.19,6.17999983,0.06994313,
27-2-2014 17:46:09.695,8.25,0.19,6.17999983,0.06994313,
27-2-2014 17:46:10.697,8.25,0.19,6.17999983,0.06994313,
27-2-2014 17:46:11.697,8.25,0.19,6.17999983,0.06994313,
27-2-2014 17:46:12.695,8.25,0.19,6.17999983,0.06994313,
27-2-2014 17:46:13.696,8.25,0.19,6.17999983,0.06994313,
27-2-2014 17:46:14.694,8.25,0.19,6.17999983,0.06994313,
27-2-2014 17:46:15.696,8.25,0.19,6.17999983,0.06994313,
27-2-2014 17:46:16.694,8.25,0.19,6.17999983,0.06994313,
27-2-2014 17:46:17.696,8.25,0.19,6.17999983,0.06994313,
27-2-2014 17:46:18.697,8.25,0.19,6.17999983,0.06994313,
27-2-2014 17:46:19.695,8.25,0.19,6.17999983,0.06994313,
27-2-2014 17:46:20.697,8.25,0.19,6.17999983,0.06994313,
27-2-2014 17:46:21.695,8.25,0.19,6.17999983,0.06994313,
27-2-2014 17:46:22.697,8.25,0.19,6.17999983,0.06994313,
27-2-2014 17:46:23.694,8.25,0.19,6.17999983,0.06994313,
27-2-2014 17:46:24.695,8.25,0.19,6.17999983,0.06994313,
27-2-2014 17:46:25.695,8.25,0.19,6.17999983,0.06994313,
27-2-2014 17:46:26.699,8.25,0.19,6.17999983,0.06994313,
27-2-2014 17:46:27.696,8.25,0.19,6.17999983,0.06994313,
27-2-2014 17:46:28.698,8.25,0.19,6.17999983,0.06994313,
27-2-2014 17:46:29.696,8.25,0.19,6.17999983,0.06994313,
27-2-2014 17:46:30.695,8.25,0.19,6.17999983,0.06994313,
27-2-2014 17:46:31.696,8.25,0.19,6.17999983,0.06994313,
27-2-2014 17:46:32.695,8.25,0.19,6.17999983,0.06994313,
27-2-2014 17:46:33.695,8.25,0.19,6.17999983,0.06994313,
27-2-2014 17:46:34.695,8.25,0.19,6.17999983,0.06994313,
27-2-2014 17:46:35.695,8.25,0.19,6.17999983,0.06994313,
Device Time, G(x), G(y), G(z), G(calibrated),
28-3-2014 12:31:04.146,0.04,7.67000008,6.3499999,0.0340417,
28-3-2014 12:31:05.144,0.04,7.67000008,6.3499999,0.0340417,
28-3-2014 12:31:06.145,0.04,7.67000008,6.3499999,0.0340417,
28-3-2014 12:31:07.144,0.04,7.67000008,6.3499999,0.0340417,
28-3-2014 12:31:08.144,0.04,7.67000008,6.3499999,0.0340417,
28-3-2014 12:31:09.143,0.04,7.67000008,6.3499999,0.0340417,
28-3-2014 12:31:10.144,0.04,7.67000008,6.3499999,0.0340417,
28-3-2014 12:31:11.144,0.04,7.67000008,6.3499999,0.0340417,
28-3-2014 12:31:12.156,0.04,7.67000008,6.3499999,0.0340417,
28-3-2014 12:31:13.144,0.04,7.67000008,6.3499999,0.0340417,
28-3-2014 12:31:14.144,0.04,7.67000008,6.3499999,0.0340417,
28-3-2014 12:31:15.144,0.04,7.67000008,6.3499999,0.0340417,
28-3-2014 12:31:16.144,0.04,7.67000008,6.3499999,0.0340417,
28-3-2014 12:31:17.144,0.04,7.67000008,6.3499999,0.0340417,
28-3-2014 12:31:18.146,0.04,7.67000008,6.3499999,0.0340417,
28-3-2014 12:31:19.144,0.04,7.67000008,6.3499999,0.0340417,
28-3-2014 12:31:20.144,0.04,7.67000008,6.3499999,0.0340417,
28-3-2014 12:31:21.144,0.04,7.67000008,6.3499999,0.0340417,
28-3-2014 12:31:22.144,0.04,7.67000008,6.3499999,0.0340417,
28-3-2014 12:31:23.144,0.04,7.67000008,6.3499999,0.0340417,
28-3-2014 12:31:24.145,0.04,7.67000008,6.3499999,0.0340417,
28-3-2014 12:31:25.144,0.04,7.67000008,6.3499999,0.0340417,
28-3-2014 12:31:26.144,0.04,7.67000008,6.3499999,0.0340417,
28-3-2014 12:31:27.144,0.04,7.67000008,6.3499999,0.0340417,
28-3-2014 12:31:28.144,0.04,7.67000008,6.3499999,0.0340417,
28-3-2014 12:31:29.144,0.04,7.67000008,6.3499999,0.0340417,
28-3-2014 12:31:30.144,0.04,7.67000008,6.3499999,0.0340417,
28-3-2014 12:31:31.144,0.04,7.67000008,6.3499999,0.0340417,
28-3-2014 12:31:32.143,0.04,7.67000008,6.3499999,0.0340417,
28-3-2014 12:31:33.144,0.04,7.67000008,6.3499999,0.0340417,
28-3-2014 12:31:34.144,0.04,7.67000008,6.3499999,0.0340417,
28-3-2014 12:31:35.144,0.04,7.67000008,6.3499999,0.0340417,
28-3-2014 12:31:36.144,0.04,7.67000008,6.3499999,0.0340417,
28-3-2014 12:31:37.145,0.04,7.67000008,6.3499999,0.0340417,
28-3-2014 12:31:38.144,0.04,7.67000008,6.3499999,0.0340417,
28-3-2014 12:31:39.144,0.04,7.67000008,6.3499999,0.0340417,
28-3-2014 12:31:40.144,0.04,7.67000008,6.3499999,0.0340417,
28-3-2014 12:31:41.144,0.04,7.67000008,6.3499999,0.0340417,
28-3-2014 12:31:42.145,0.04,7.67000008,6.3499999,0.0340417,
28-3-2014 12:31:43.143,0.04,7.67000008,6.3499999,0.0340417,
28-3-2014 12:31:44.144,0.04,7.67000008,6.3499999,0.0340417,
28-3-2014 12:31:45.144,0.04,7.67000008,6.3499999,0.0340417,
28-3-2014 12:31:46.144,0.04,7.67000008,6.3499999,0.0340417,
28-3-2014 12:31:47.144,0.04,7.67000008,6.3499999,0.0340417,
28-3-2014 12:31:48.144,0.04,7.67000008,6.3499999,0.0340417,
28-3-2014 12:31:49.144,0.04,7.67000008,6.3499999,0.0340417,
28-3-2014 12:31:50.144,0.04,7.67000008,6.3499999,0.0340417,
28-3-2014 12:31:51.145,0.04,7.67000008,6.3499999,0.0340417,
28-3-2014 12:31:52.144,0.04,7.67000008,6.3499999,0.0340417,
28-3-2014 12:31:53.144,0.04,7.67000008,6.3499999,0.0340417,
28-3-2014 12:31:54.144,0.04,7.67000008,6.3499999,0.0340417,
28-3-2014 12:31:55.144,0.04,7.67000008,6.3499999,0.0340417,
28-3-2014 12:31:56.145,0.04,7.67000008,6.3499999,0.0340417,
28-3-2014 12:31:57.144,0.04,7.67000008,6.3499999,0.0340417,
28-3-2014 12:31:58.144,0.04,7.67000008,6.3499999,0.0340417,
28-3-2014 12:31:59.144,0.04,7.67000008,6.3499999,0.0340417,
28-3-2014 12:32:00.144,0.04,7.67000008,6.3499999,0.0340417,
28-3-2014 12:32:01.144,0.04,7.67000008,6.3499999,0.0340417,
28-3-2014 12:32:02.144,0.04,7.67000008,6.3499999,0.0340417,
28-3-2014 12:32:03.144,0.04,7.67000008,6.3499999,0.0340417,
28-3-2014 12:32:04.144,0.04,7.67000008,6.3499999,0.0340417,
28-3-2014 12:32:05.144,0.04,7.67000008,6.3499999,0.0340417,
28-3-2014 12:32:06.144,0.04,7.67000008,6.3499999,0.0340417,
28-3-2014 12:32:07.144,0.04,7.67000008,6.3499999,0.0340417,
28-3-2014 12:32:08.144,0.04,7.67000008,6.3499999,0.0340417,
28-3-2014 12:32:09.143,0.04,7.67000008,6.3499999,0.0340417,
28-3-2014 12:32:10.143,0.04,7.67000008,6.3499999,0.0340417,
28-3-2014 12:32:11.144,0.04,7.67000008,6.3499999,0.0340417,
28-3-2014 12:32:12.144,0.04,7.67000008,6.3499999,0.0340417,
28-3-2014 12:32:13.145,0.04,7.67000008,6.3499999,0.0340417,
28-3-2014 12:32:14.143,0.04,7.67000008,6.3499999,0.0340417,
28-3-2014 12:32:15.145,0.04,7.67000008,6.3499999,0.0340417,
28-3-2014 12:32:16.144,0.04,7.67000008,6.3499999,0.0340417,
28-3-2014 12:32:17.144,0.04,7.67000008,6.3499999,0.0340417,
28-3-2014 12:32:18.144,0.04,7.67000008,6.3499999,0.0340417,
28-3-2014 12:32:19.144,0.04,7.67000008,6.3499999,0.0340417,
28-3-2014 12:32:20.143,0.04,7.67000008,6.3499999,0.0340417,
28-3-2014 12:32:21.143,0.04,7.67000008,6.3499999,0.0340417,
28-3-2014 12:32:22.144,0.04,7.67000008,6.3499999,0.0340417,
28-3-2014 12:32:23.144,0.04,7.67000008,6.3499999,0.0340417,
28-3-2014 12:32:24.144,0.04,7.67000008,6.3499999,0.0340417,
28-3-2014 12:32:25.144,0.04,7.67000008,6.3499999,0.0340417,
28-3-2014 12:32:26.144,0.04,7.67000008,6.3499999,0.0340417,
28-3-2014 12:32:27.144,0.04,7.67000008,6.3499999,0.0340417,
28-3-2014 12:32:28.144,0.04,7.67000008,6.3499999,0.0340417,
28-3-2014 12:32:29.144,0.04,7.67000008,6.3499999,0.0340417,
28-3-2014 12:32:30.144,0.04,7.67000008,6.3499999,0.0340417,
28-3-2014 12:32:31.144,0.04,7.67000008,6.3499999,0.0340417,
28-3-2014 12:32:32.144,0.04,7.67000008,6.3499999,0.0340417,
28-3-2014 12:32:33.144,0.04,7.67000008,6.3499999,0.0340417,
28-3-2014 12:32:34.144,0.04,7.67000008,6.3499999,0.0340417,
28-3-2014 12:32:35.144,0.04,7.67000008,6.3499999,0.0340417,
28-3-2014 12:32:36.144,0.04,7.67000008,6.3499999,0.0340417,
28-3-2014 12:32:37.144,0.04,7.67000008,6.3499999,0.0340417,
28-3-2014 12:32:38.144,0.04,7.67000008,6.3499999,0.0340417,
28-3-2014 12:32:39.144,0.04,7.67000008,6.3499999,0.0340417,
28-3-2014 12:32:40.144,0.04,7.67000008,6.3499999,0.0340417,
28-3-2014 12:32:41.144,0.04,7.67000008,6.3499999,0.0340417,
28-3-2014 12:32:42.144,0.04,7.67000008,6.3499999,0.0340417,
28-3-2014 12:32:43.144,0.04,7.67000008,6.3499999,0.0340417,
28-3-2014 12:32:44.144,0.04,7.67000008,6.3499999,0.0340417,
28-3-2014 12:32:45.144,0.04,7.67000008,6.3499999,0.0340417,
28-3-2014 12:32:46.144,0.04,7.67000008,6.3499999,0.0340417,
28-3-2014 12:32:47.144,0.04,7.67000008,6.3499999,0.0340417,
28-3-2014 12:32:48.143,0.04,7.67000008,6.3499999,0.0340417,
28-3-2014 12:32:49.143,0.04,7.67000008,6.3499999,0.0340417,
28-3-2014 12:32:50.144,0.04,7.67000008,6.3499999,0.0340417,
28-3-2014 12:32:51.144,0.04,7.67000008,6.3499999,0.0340417,
28-3-2014 12:32:52.144,0.04,7.67000008,6.3499999,0.0340417,
28-3-2014 12:32:53.144,0.04,7.67000008,6.3499999,0.0340417,
28-3-2014 12:32:54.144,0.04,7.67000008,6.3499999,0.0340417,
28-3-2014 12:32:55.144,0.04,7.67000008,6.3499999,0.0340417,
28-3-2014 12:32:56.147,0.04,7.67000008,6.3499999,0.0340417,
28-3-2014 12:32:57.144,0.04,7.67000008,6.3499999,0.0340417,
28-3-2014 12:32:58.144,0.04,7.67000008,6.3499999,0.0340417,
28-3-2014 12:32:59.145,0.04,7.67000008,6.3499999,0.0340417,
28-3-2014 12:33:00.144,0.04,7.67000008,6.3499999,0.0340417,
28-3-2014 12:33:01.144,0.04,7.67000008,6.3499999,0.0340417,
28-3-2014 12:33:02.144,0.04,7.67000008,6.3499999,0.0340417,
28-3-2014 12:33:03.144,0.04,7.67000008,6.3499999,0.0340417,
28-3-2014 12:33:04.144,0.04,7.67000008,6.3499999,0.0340417,
28-3-2014 12:33:05.144,0.04,7.67000008,6.3499999,0.0340417,
28-3-2014 12:33:06.145,0.04,7.67000008,6.3499999,0.0340417,
28-3-2014 12:33:07.144,0.04,7.67000008,6.3499999,0.0340417,
28-3-2014 12:33:08.144,0.04,7.67000008,6.3499999,0.0340417,
28-3-2014 12:33:09.144,0.04,7.67000008,6.3499999,0.0340417,
28-3-2014 12:33:10.144,0.04,7.67000008,6.3499999,0.0340417,
28-3-2014 12:33:11.145,0.04,7.67000008,6.3499999,0.0340417,
28-3-2014 12:33:12.146,0.04,7.67000008,6.3499999,0.0340417,
28-3-2014 12:33:13.144,0.04,7.67000008,6.3499999,0.0340417,
28-3-2014 12:33:14.143,0.04,7.67000008,6.3499999,0.0340417,
28-3-2014 12:33:15.143,0.04,7.67000008,6.3499999,0.0340417,
28-3-2014 12:33:16.143,0.04,7.67000008,6.3499999,0.0340417,
28-3-2014 12:33:17.144,0.04,7.67000008,6.3499999,0.0340417,
28-3-2014 12:33:18.145,0.04,7.67000008,6.3499999,0.0340417,
28-3-2014 12:33:19.144,0.04,7.67000008,6.3499999,0.0340417,
28-3-2014 12:33:20.144,0.04,7.67000008,6.3499999,0.0340417,
28-3-2014 12:33:21.144,0.04,7.67000008,6.3499999,0.0340417,
28-3-2014 12:33:22.144,0.04,7.67000008,6.3499999,0.0340417,
28-3-2014 12:33:23.144,0.04,7.67000008,6.3499999,0.0340417,
28-3-2014 12:33:24.144,0.04,7.67000008,6.3499999,0.0340417,
28-3-2014 12:33:25.144,0.04,7.67000008,6.3499999,0.0340417,
28-3-2014 12:33:26.144,0.04,7.67000008,6.3499999,0.0340417,
28-3-2014 12:33:27.144,0.04,7.67000008,6.3499999,0.0340417,
28-3-2014 12:33:28.144,0.04,7.67000008,6.3499999,0.0340417,
28-3-2014 12:33:29.144,0.04,7.67000008,6.3499999,0.0340417,
28-3-2014 12:33:30.144,0.04,7.67000008,6.3499999,0.0340417,
28-3-2014 12:33:31.144,0.04,7.67000008,6.3499999,0.0340417,
28-3-2014 12:33:32.144,0.04,7.67000008,6.3499999,0.0340417,
28-3-2014 12:33:33.148,0.04,7.67000008,6.3499999,0.0340417,
28-3-2014 12:33:34.144,0.04,7.67000008,6.3499999,0.0340417,
28-3-2014 12:33:35.144,0.04,7.67000008,6.3499999,0.0340417,
28-3-2014 12:33:36.144,0.04,7.67000008,6.3499999,0.0340417,
28-3-2014 12:33:37.144,0.04,7.67000008,6.3499999,0.0340417,
28-3-2014 12:33:38.144,0.04,7.67000008,6.3499999,0.0340417,
28-3-2014 12:33:39.144,0.04,7.67000008,6.3499999,0.0340417,
28-3-2014 12:33:40.144,0.04,7.67000008,6.3499999,0.0340417,
28-3-2014 12:33:41.144,0.04,7.67000008,6.3499999,0.0340417,
28-3-2014 12:33:42.144,0.04,7.67000008,6.3499999,0.0340417,
28-3-2014 12:33:43.145,0.04,7.67000008,6.3499999,0.0340417,
28-3-2014 12:33:44.144,0.04,7.67000008,6.3499999,0.0340417,
28-3-2014 12:33:45.144,0.04,7.67000008,6.3499999,0.0340417,
28-3-2014 12:33:46.144,0.04,7.67000008,6.3499999,0.0340417,
28-3-2014 12:33:47.144,0.04,7.67000008,6.3499999,0.0340417,
28-3-2014 12:33:48.144,0.04,7.67000008,6.3499999,0.0340417,
28-3-2014 12:33:49.145,0.04,7.67000008,6.3499999,0.0340417,
28-3-2014 12:33:50.144,0.04,7.67000008,6.3499999,0.0340417,
28-3-2014 12:33:51.144,0.04,7.67000008,6.3499999,0.0340417,
28-3-2014 12:33:52.145,0.04,7.67000008,6.3499999,0.0340417,
28-3-2014 12:33:53.145,0.04,7.67000008,6.3499999,0.0340417,
28-3-2014 12:33:54.144,0.04,7.67000008,6.3499999,0.0340417,
28-3-2014 12:33:55.144,0.04,7.67000008,6.3499999,0.0340417,
28-3-2014 12:33:56.144,0.04,7.67000008,6.3499999,0.0340417,
28-3-2014 12:33:57.144,0.04,7.67000008,6.3499999,0.0340417,
28-3-2014 12:33:58.148,0.04,7.67000008,6.3499999,0.0340417,
28-3-2014 12:33:59.145,0.04,7.67000008,6.3499999,0.0340417,
28-3-2014 12:34:00.145,0.04,7.67000008,6.3499999,0.0340417,
28-3-2014 12:34:01.146,0.04,7.67000008,6.3499999,0.0340417,
28-3-2014 12:34:02.144,0.04,7.67000008,6.3499999,0.0340417,
28-3-2014 12:34:03.144,0.04,7.67000008,6.3499999,0.0340417,
28-3-2014 12:34:04.144,0.04,7.67000008,6.3499999,0.0340417,
28-3-2014 12:34:05.144,0.04,7.67000008,6.3499999,0.0340417,
28-3-2014 12:34:06.145,0.04,7.67000008,6.3499999,0.0340417,
28-3-2014 12:34:07.145,0.04,7.67000008,6.3499999,0.0340417,
28-3-2014 12:34:08.144,0.04,7.67000008,6.3499999,0.0340417,
28-3-2014 12:34:09.145,0.04,7.67000008,6.3499999,0.0340417,
28-3-2014 12:34:10.145,0.04,7.67000008,6.3499999,0.0340417,
28-3-2014 12:34:11.149,0.04,7.67000008,6.3499999,0.0340417,
28-3-2014 12:34:12.146,0.04,7.67000008,6.3499999,0.0340417,
28-3-2014 12:34:13.146,0.04,7.67000008,6.3499999,0.0340417,
28-3-2014 12:34:14.145,0.04,7.67000008,6.3499999,0.0340417,
28-3-2014 12:34:15.145,0.04,7.67000008,6.3499999,0.0340417,
28-3-2014 12:34:16.145,0.04,7.67000008,6.3499999,0.0340417,
28-3-2014 12:34:17.145,0.04,7.67000008,6.3499999,0.0340417,
28-3-2014 12:34:18.145,0.04,7.67000008,6.3499999,0.0340417,
28-3-2014 12:34:19.145,0.04,7.67000008,6.3499999,0.0340417,
28-3-2014 12:34:20.145,0.04,7.67000008,6.3499999,0.0340417,
28-3-2014 12:34:21.145,0.04,7.67000008,6.3499999,0.0340417,
28-3-2014 12:34:22.145,0.04,7.67000008,6.3499999,0.0340417,
28-3-2014 12:34:23.145,0.04,7.67000008,6.3499999,0.0340417,
28-3-2014 12:34:24.145,0.04,7.67000008,6.3499999,0.0340417,
28-3-2014 12:34:25.144,0.04,7.67000008,6.3499999,0.0340417,
28-3-2014 12:34:26.145,0.04,7.67000008,6.3499999,0.0340417,
28-3-2014 12:34:27.146,0.04,7.67000008,6.3499999,0.0340417,
28-3-2014 12:34:28.145,0.04,7.67000008,6.3499999,0.0340417,
28-3-2014 12:34:29.145,0.04,7.67000008,6.3499999,0.0340417,
28-3-2014 12:34:30.149,0.04,7.67000008,6.3499999,0.0340417,
28-3-2014 12:34:31.145,0.04,7.67000008,6.3499999,0.0340417,
28-3-2014 12:34:32.147,0.04,7.67000008,6.3499999,0.0340417,
28-3-2014 12:34:33.145,0.04,7.67000008,6.3499999,0.0340417,
28-3-2014 12:34:34.154,0.04,7.67000008,6.3499999,0.0340417,
28-3-2014 12:34:35.145,0.04,7.67000008,6.3499999,0.0340417,
28-3-2014 12:34:36.145,0.04,7.67000008,6.3499999,0.0340417,
28-3-2014 12:34:37.145,0.04,7.67000008,6.3499999,0.0340417,
28-3-2014 12:34:38.146,0.04,7.67000008,6.3499999,0.0340417,
28-3-2014 12:34:39.161,0.04,7.67000008,6.3499999,0.0340417,
28-3-2014 12:34:40.148,0.04,7.67000008,6.3499999,0.0340417,
28-3-2014 12:34:41.145,0.04,7.67000008,6.3499999,0.0340417,
28-3-2014 12:34:42.144,0.04,7.67000008,6.3499999,0.0340417,
28-3-2014 12:34:43.144,0.04,7.67000008,6.3499999,0.0340417,
28-3-2014 12:34:44.145,0.04,7.67000008,6.3499999,0.0340417,
28-3-2014 12:34:45.145,0.04,7.67000008,6.3499999,0.0340417,
28-3-2014 12:34:46.145,0.04,7.67000008,6.3499999,0.0340417,
28-3-2014 12:34:47.145,0.04,7.67000008,6.3499999,0.0340417,
28-3-2014 12:34:48.145,0.04,7.67000008,6.3499999,0.0340417,
28-3-2014 12:34:49.145,0.04,7.67000008,6.3499999,0.0340417,
28-3-2014 12:34:50.148,0.04,7.67000008,6.3499999,0.0340417,
28-3-2014 12:34:51.145,0.04,7.67000008,6.3499999,0.0340417,
28-3-2014 12:34:52.146,0.04,7.67000008,6.3499999,0.0340417,
28-3-2014 12:34:53.145,0.04,7.67000008,6.3499999,0.0340417,
28-3-2014 12:34:54.145,0.04,7.67000008,6.3499999,0.0340417,
28-3-2014 12:34:55.144,0.04,7.67000008,6.3499999,0.0340417,
28-3-2014 12:34:56.147,0.04,7.67000008,6.3499999,0.0340417,
28-3-2014 12:34:57.146,0.04,7.67000008,6.3499999,0.0340417,
28-3-2014 12:34:58.155,0.04,7.67000008,6.3499999,0.0340417,
28-3-2014 12:34:59.145,0.04,7.67000008,6.3499999,0.0340417,
28-3-2014 12:35:00.145,0.04,7.67000008,6.3499999,0.0340417,
28-3-2014 12:35:01.145,0.04,7.67000008,6.3499999,0.0340417,
28-3-2014 12:35:02.144,0.04,7.67000008,6.3499999,0.0340417,
28-3-2014 12:35:03.145,0.04,7.67000008,6.3499999,0.0340417,
28-3-2014 12:35:04.145,0.04,7.67000008,6.3499999,0.0340417,
28-3-2014 12:35:05.145,0.04,7.67000008,6.3499999,0.0340417,
28-3-2014 12:35:06.145,0.04,7.67000008,6.3499999,0.0340417,
28-3-2014 12:35:07.144,0.04,7.67000008,6.3499999,0.0340417,
28-3-2014 12:35:08.145,0.04,7.67000008,6.3499999,0.0340417,
28-3-2014 12:35:09.145,0.04,7.67000008,6.3499999,0.0340417,
28-3-2014 12:35:10.147,0.04,7.67000008,6.3499999,0.0340417,
28-3-2014 12:35:11.145,0.04,7.67000008,6.3499999,0.0340417,
28-3-2014 12:35:12.145,0.04,7.67000008,6.3499999,0.0340417,
28-3-2014 12:35:13.145,0.04,7.67000008,6.3499999,0.0340417,
28-3-2014 12:35:14.145,0.04,7.67000008,6.3499999,0.0340417,
28-3-2014 12:35:15.145,0.04,7.67000008,6.3499999,0.0340417,
28-3-2014 12:35:16.157,0.04,7.67000008,6.3499999,0.0340417,
28-3-2014 12:35:17.145,0.04,7.67000008,6.3499999,0.0340417,
28-3-2014 12:35:18.145,0.04,7.67000008,6.3499999,0.0340417,
28-3-2014 12:35:19.158,0.04,7.67000008,6.3499999,0.0340417,
28-3-2014 12:35:20.144,0.04,7.67000008,6.3499999,0.0340417,
28-3-2014 12:35:21.145,0.04,7.67000008,6.3499999,0.0340417,
28-3-2014 12:35:22.145,0.04,7.67000008,6.3499999,0.0340417,
28-3-2014 12:35:23.145,0.04,7.67000008,6.3499999,0.0340417,
28-3-2014 12:35:24.145,0.04,7.67000008,6.3499999,0.0340417,
28-3-2014 12:35:25.145,0.04,7.67000008,6.3499999,0.0340417,
28-3-2014 12:35:26.144,0.04,7.67000008,6.3499999,0.0340417,
28-3-2014 12:35:27.145,0.04,7.67000008,6.3499999,0.0340417,
28-3-2014 12:35:28.144,0.04,7.67000008,6.3499999,0.0340417,
28-3-2014 12:35:29.145,0.04,7.67000008,6.3499999,0.0340417,
28-3-2014 12:35:30.145,0.04,7.67000008,6.3499999,0.0340417,
28-3-2014 12:35:31.145,0.04,7.67000008,6.3499999,0.0340417,
28-3-2014 12:35:32.147,0.04,7.67000008,6.3499999,0.0340417,
28-3-2014 12:35:33.145,0.04,7.67000008,6.3499999,0.0340417,
28-3-2014 12:35:34.144,0.04,7.67000008,6.3499999,0.0340417,
28-3-2014 12:35:35.144,0.04,7.67000008,6.3499999,0.0340417,
28-3-2014 12:35:36.147,0.04,7.67000008,6.3499999,0.0340417,
28-3-2014 12:35:37.145,0.04,7.67000008,6.3499999,0.0340417,
28-3-2014 12:35:38.145,0.04,7.67000008,6.3499999,0.0340417,
28-3-2014 12:35:39.145,0.04,7.67000008,6.3499999,0.0340417,
28-3-2014 12:35:40.144,0.04,7.67000008,6.3499999,0.0340417,
28-3-2014 12:35:41.145,0.04,7.67000008,6.3499999,0.0340417,
28-3-2014 12:35:42.145,0.04,7.67000008,6.3499999,0.0340417,
28-3-2014 12:35:43.145,0.04,7.67000008,6.3499999,0.0340417,
28-3-2014 12:35:44.145,0.04,7.67000008,6.3499999,0.0340417,
28-3-2014 12:35:45.144,0.04,7.67000008,6.3499999,0.0340417,
28-3-2014 12:35:46.144,0.04,7.67000008,6.3499999,0.0340417,
28-3-2014 12:35:47.148,0.04,7.67000008,6.3499999,0.0340417,
28-3-2014 12:35:48.145,0.04,7.67000008,6.3499999,0.0340417,
28-3-2014 12:35:49.145,0.04,7.67000008,6.3499999,0.0340417,
28-3-2014 12:35:50.149,0.04,7.67000008,6.3499999,0.0340417,
28-3-2014 12:35:51.145,0.04,7.67000008,6.3499999,0.0340417,
28-3-2014 12:35:52.145,0.04,7.67000008,6.3499999,0.0340417,
28-3-2014 12:35:53.145,0.04,7.67000008,6.3499999,0.0340417,
28-3-2014 12:35:54.144,0.04,7.67000008,6.3499999,0.0340417,
28-3-2014 12:35:55.144,0.04,7.67000008,6.3499999,0.0340417,
28-3-2014 12:35:56.145,0.04,7.67000008,6.3499999,0.0340417,
28-3-2014 12:35:57.148,0.04,7.67000008,6.3499999,0.0340417,
28-3-2014 12:35:58.144,0.04,7.67000008,6.3499999,0.0340417,
28-3-2014 12:35:59.145,0.04,7.67000008,6.3499999,0.0340417,
28-3-2014 12:36:00.146,0.04,7.67000008,6.3499999,0.0340417,
28-3-2014 12:36:01.147,0.04,7.67000008,6.3499999,0.0340417,
28-3-2014 12:36:02.147,0.04,7.67000008,6.3499999,0.0340417,
28-3-2014 12:36:03.145,0.04,7.67000008,6.3499999,0.0340417,
28-3-2014 12:36:04.146,0.04,7.67000008,6.3499999,0.0340417,
28-3-2014 12:36:05.145,0.04,7.67000008,6.3499999,0.0340417,
28-3-2014 12:36:06.145,0.04,7.67000008,6.3499999,0.0340417,
28-3-2014 12:36:07.145,0.04,7.67000008,6.3499999,0.0340417,
28-3-2014 12:36:08.145,0.04,7.67000008,6.3499999,0.0340417,
28-3-2014 12:36:09.145,0.04,7.67000008,6.3499999,0.0340417,
28-3-2014 12:36:10.144,0.04,7.67000008,6.3499999,0.0340417,
28-3-2014 12:36:11.145,0.04,7.67000008,6.3499999,0.0340417,
28-3-2014 12:36:12.145,0.04,7.67000008,6.3499999,0.0340417,
28-3-2014 12:36:13.147,0.04,7.67000008,6.3499999,0.0340417,
28-3-2014 12:36:14.144,0.04,7.67000008,6.3499999,0.0340417,
28-3-2014 12:36:15.144,0.04,7.67000008,6.3499999,0.0340417,
28-3-2014 12:36:16.147,0.04,7.67000008,6.3499999,0.0340417,
28-3-2014 12:36:17.145,0.04,7.67000008,6.3499999,0.0340417,
28-3-2014 12:36:18.145,0.04,7.67000008,6.3499999,0.0340417,
28-3-2014 12:36:19.145,0.04,7.67000008,6.3499999,0.0340417,
28-3-2014 12:36:20.144,0.04,7.67000008,6.3499999,0.0340417,
28-3-2014 12:36:21.144,0.04,7.67000008,6.3499999,0.0340417,
28-3-2014 12:36:22.145,0.04,7.67000008,6.3499999,0.0340417,
28-3-2014 12:36:23.155,0.04,7.67000008,6.3499999,0.0340417,
28-3-2014 12:36:24.145,0.04,7.67000008,6.3499999,0.0340417,
28-3-2014 12:36:25.144,0.04,7.67000008,6.3499999,0.0340417,
28-3-2014 12:36:26.145,0.04,7.67000008,6.3499999,0.0340417,
28-3-2014 12:36:27.144,0.04,7.67000008,6.3499999,0.0340417,
28-3-2014 12:36:28.144,0.04,7.67000008,6.3499999,0.0340417,
28-3-2014 12:36:29.145,0.04,7.67000008,6.3499999,0.0340417,
28-3-2014 12:36:30.148,0.04,7.67000008,6.3499999,0.0340417,
28-3-2014 12:36:31.144,0.04,7.67000008,6.3499999,0.0340417,
28-3-2014 12:36:32.147,0.04,7.67000008,6.3499999,0.0340417,
28-3-2014 12:36:33.145,0.04,7.67000008,6.3499999,0.0340417,
28-3-2014 12:36:34.145,0.04,7.67000008,6.3499999,0.0340417,
28-3-2014 12:36:35.145,0.04,7.67000008,6.3499999,0.0340417,
28-3-2014 12:36:36.145,0.04,7.67000008,6.3499999,0.0340417,
28-3-2014 12:36:37.145,0.04,7.67000008,6.3499999,0.0340417,
28-3-2014 12:36:38.146,0.04,7.67000008,6.3499999,0.0340417,
28-3-2014 12:36:39.144,0.04,7.67000008,6.3499999,0.0340417,
28-3-2014 12:36:40.146,0.04,7.67000008,6.3499999,0.0340417,
28-3-2014 12:36:41.153,0.04,7.67000008,6.3499999,0.0340417,
28-3-2014 12:36:42.145,0.04,7.67000008,6.3499999,0.0340417,
28-3-2014 12:36:43.146,0.04,7.67000008,6.3499999,0.0340417,
28-3-2014 12:36:44.146,0.04,7.67000008,6.3499999,0.0340417,
28-3-2014 12:36:45.145,0.04,7.67000008,6.3499999,0.0340417,
28-3-2014 12:36:46.145,0.04,7.67000008,6.3499999,0.0340417,
28-3-2014 12:36:47.145,0.04,7.67000008,6.3499999,0.0340417,
28-3-2014 12:36:48.146,0.04,7.67000008,6.3499999,0.0340417,
28-3-2014 12:36:49.144,0.04,7.67000008,6.3499999,0.0340417,
28-3-2014 12:36:50.146,0.04,7.67000008,6.3499999,0.0340417,
28-3-2014 12:36:51.144,0.04,7.67000008,6.3499999,0.0340417,
28-3-2014 12:36:52.145,0.04,7.67000008,6.3499999,0.0340417,
28-3-2014 12:36:53.145,0.04,7.67000008,6.3499999,0.0340417,
28-3-2014 12:36:54.145,0.04,7.67000008,6.3499999,0.0340417,
28-3-2014 12:36:55.144,0.04,7.67000008,6.3499999,0.0340417,
28-3-2014 12:36:56.145,0.04,7.67000008,6.3499999,0.0340417,
28-3-2014 12:36:57.145,0.04,7.67000008,6.3499999,0.0340417,
28-3-2014 12:36:58.145,0.04,7.67000008,6.3499999,0.0340417,
28-3-2014 12:36:59.144,0.04,7.67000008,6.3499999,0.0340417,
28-3-2014 12:37:00.145,0.04,7.67000008,6.3499999,0.0340417,
28-3-2014 12:37:01.145,0.04,7.67000008,6.3499999,0.0340417,
28-3-2014 12:37:02.148,0.04,7.67000008,6.3499999,0.0340417,
28-3-2014 12:37:03.144,0.04,7.67000008,6.3499999,0.0340417,
28-3-2014 12:37:04.146,0.04,7.67000008,6.3499999,0.0340417,
28-3-2014 12:37:05.164,0.04,7.67000008,6.3499999,0.0340417,
28-3-2014 12:37:06.145,0.04,7.67000008,6.3499999,0.0340417,
28-3-2014 12:37:07.145,0.04,7.67000008,6.3499999,0.0340417,
28-3-2014 12:37:08.148,0.04,7.67000008,6.3499999,0.0340417,
28-3-2014 12:37:09.144,0.04,7.67000008,6.3499999,0.0340417,
28-3-2014 12:37:10.145,0.04,7.67000008,6.3499999,0.0340417,
28-3-2014 12:37:11.144,0.04,7.67000008,6.3499999,0.0340417,
28-3-2014 12:37:12.146,0.04,7.67000008,6.3499999,0.0340417,
28-3-2014 12:37:13.148,0.04,7.67000008,6.3499999,0.0340417,
28-3-2014 12:37:14.144,0.04,7.67000008,6.3499999,0.0340417,
28-3-2014 12:37:15.145,0.04,7.67000008,6.3499999,0.0340417,
28-3-2014 12:37:16.145,0.04,7.67000008,6.3499999,0.0340417,
28-3-2014 12:37:17.144,0.04,7.67000008,6.3499999,0.0340417,
28-3-2014 12:37:18.145,0.04,7.67000008,6.3499999,0.0340417,
28-3-2014 12:37:19.145,0.04,7.67000008,6.3499999,0.0340417,
28-3-2014 12:37:20.144,0.04,7.67000008,6.3499999,0.0340417,
28-3-2014 12:37:21.145,0.04,7.67000008,6.3499999,0.0340417,
28-3-2014 12:37:22.146,0.04,7.67000008,6.3499999,0.0340417,
28-3-2014 12:37:23.147,0.04,7.67000008,6.3499999,0.0340417,
28-3-2014 12:37:24.147,0.04,7.67000008,6.3499999,0.0340417,
28-3-2014 12:37:25.145,0.04,7.67000008,6.3499999,0.0340417,
28-3-2014 12:37:26.145,0.04,7.67000008,6.3499999,0.0340417,
28-3-2014 12:37:27.145,0.04,7.67000008,6.3499999,0.0340417,
28-3-2014 12:37:28.144,0.04,7.67000008,6.3499999,0.0340417,
28-3-2014 12:37:29.147,0.04,7.67000008,6.3499999,0.0340417,
28-3-2014 12:37:30.145,0.04,7.67000008,6.3499999,0.0340417,
28-3-2014 12:37:31.145,0.04,7.67000008,6.3499999,0.0340417,
28-3-2014 12:37:32.144,0.04,7.67000008,6.3499999,0.0340417,
28-3-2014 12:37:33.144,0.04,7.67000008,6.3499999,0.0340417,
28-3-2014 12:37:34.145,0.04,7.67000008,6.3499999,0.0340417,
28-3-2014 12:37:35.145,0.04,7.67000008,6.3499999,0.0340417,
28-3-2014 12:37:36.145,0.04,7.67000008,6.3499999,0.0340417,
28-3-2014 12:37:37.145,0.04,7.67000008,6.3499999,0.0340417,
28-3-2014 12:37:38.146,0.04,7.67000008,6.3499999,0.0340417,
28-3-2014 12:37:39.145,0.04,7.67000008,6.3499999,0.0340417,
28-3-2014 12:37:40.144,0.04,7.67000008,6.3499999,0.0340417,
28-3-2014 12:37:41.144,0.04,7.67000008,6.3499999,0.0340417,
28-3-2014 12:37:42.145,0.04,7.67000008,6.3499999,0.0340417,
28-3-2014 12:37:43.145,0.04,7.67000008,6.3499999,0.0340417,
28-3-2014 12:37:44.145,0.04,7.67000008,6.3499999,0.0340417,
28-3-2014 12:37:45.145,0.04,7.67000008,6.3499999,0.0340417,
28-3-2014 12:37:46.144,0.04,7.67000008,6.3499999,0.0340417,
28-3-2014 12:37:47.144,0.04,7.67000008,6.3499999,0.0340417,
28-3-2014 12:37:48.144,0.04,7.67000008,6.3499999,0.0340417,
28-3-2014 12:37:49.145,0.04,7.67000008,6.3499999,0.0340417,
28-3-2014 12:37:50.145,0.04,7.67000008,6.3499999,0.0340417,
28-3-2014 12:37:51.144,0.04,7.67000008,6.3499999,0.0340417,
28-3-2014 12:37:52.144,0.04,7.67000008,6.3499999,0.0340417,
28-3-2014 12:37:53.145,0.04,7.67000008,6.3499999,0.0340417,
28-3-2014 12:37:54.145,0.04,7.67000008,6.3499999,0.0340417,
28-3-2014 12:37:55.145,0.04,7.67000008,6.3499999,0.0340417,
28-3-2014 12:37:56.144,0.04,7.67000008,6.3499999,0.0340417,
28-3-2014 12:37:57.144,0.04,7.67000008,6.3499999,0.0340417,
28-3-2014 12:37:58.145,0.04,7.67000008,6.3499999,0.0340417,
28-3-2014 12:37:59.145,0.04,7.67000008,6.3499999,0.0340417,
28-3-2014 12:38:00.145,0.04,7.67000008,6.3499999,0.0340417,
28-3-2014 12:38:01.144,0.04,7.67000008,6.3499999,0.0340417,
28-3-2014 12:38:02.144,0.04,7.67000008,6.3499999,0.0340417,
28-3-2014 12:38:03.145,0.04,7.67000008,6.3499999,0.0340417,
28-3-2014 12:38:04.145,0.04,7.67000008,6.3499999,0.0340417,
28-3-2014 12:38:05.144,0.04,7.67000008,6.3499999,0.0340417,
28-3-2014 12:38:06.145,0.04,7.67000008,6.3499999,0.0340417,
28-3-2014 12:38:07.145,0.04,7.67000008,6.3499999,0.0340417,
28-3-2014 12:38:08.144,0.04,7.67000008,6.3499999,0.0340417,
28-3-2014 12:38:09.145,0.04,7.67000008,6.3499999,0.0340417,
28-3-2014 12:38:10.145,0.04,7.67000008,6.3499999,0.0340417,
28-3-2014 12:38:11.145,0.04,7.67000008,6.3499999,0.0340417,
28-3-2014 12:38:12.145,0.04,7.67000008,6.3499999,0.0340417,
28-3-2014 12:38:13.145,0.04,7.67000008,6.3499999,0.0340417,
28-3-2014 12:38:14.144,0.04,7.67000008,6.3499999,0.0340417,
28-3-2014 12:38:15.145,0.04,7.67000008,6.3499999,0.0340417,
28-3-2014 12:38:16.145,0.04,7.67000008,6.3499999,0.0340417,
28-3-2014 12:38:17.145,0.04,7.67000008,6.3499999,0.0340417,
28-3-2014 12:38:18.144,0.04,7.67000008,6.3499999,0.0340417,
28-3-2014 12:38:19.144,0.04,7.67000008,6.3499999,0.0340417,
28-3-2014 12:38:20.145,0.04,7.67000008,6.3499999,0.0340417,
28-3-2014 12:38:21.145,0.04,7.67000008,6.3499999,0.0340417,
28-3-2014 12:38:22.144,0.04,7.67000008,6.3499999,0.0340417,
28-3-2014 12:38:23.144,0.04,7.67000008,6.3499999,0.0340417,
28-3-2014 12:38:24.144,0.04,7.67000008,6.3499999,0.0340417,
28-3-2014 12:38:25.144,0.04,7.67000008,6.3499999,0.0340417,
28-3-2014 12:38:26.144,0.04,7.67000008,6.3499999,0.0340417,
28-3-2014 12:38:27.145,0.04,7.67000008,6.3499999,0.0340417,
28-3-2014 12:38:28.145,0.04,7.67000008,6.3499999,0.0340417,
28-3-2014 12:38:29.144,0.04,7.67000008,6.3499999,0.0340417,
28-3-2014 12:38:30.145,0.04,7.67000008,6.3499999,0.0340417,
28-3-2014 12:38:31.149,0.04,7.67000008,6.3499999,0.0340417,
28-3-2014 12:38:32.144,0.04,7.67000008,6.3499999,0.0340417,
28-3-2014 12:38:33.144,0.04,7.67000008,6.3499999,0.0340417,
28-3-2014 12:38:34.149,0.04,7.67000008,6.3499999,0.0340417,
28-3-2014 12:38:35.145,0.04,7.67000008,6.3499999,0.0340417,
28-3-2014 12:38:36.145,0.04,7.67000008,6.3499999,0.0340417,
28-3-2014 12:38:37.148,0.04,7.67000008,6.3499999,0.0340417,
28-3-2014 12:38:38.144,0.04,7.67000008,6.3499999,0.0340417,
28-3-2014 12:38:39.145,0.04,7.67000008,6.3499999,0.0340417,
28-3-2014 12:38:40.145,0.04,7.67000008,6.3499999,0.0340417,
28-3-2014 12:38:41.145,0.04,7.67000008,6.3499999,0.0340417,
28-3-2014 12:38:42.145,0.04,7.67000008,6.3499999,0.0340417,
28-3-2014 12:38:43.145,0.04,7.67000008,6.3499999,0.0340417,
28-3-2014 12:38:44.144,0.04,7.67000008,6.3499999,0.0340417,
28-3-2014 12:38:45.145,0.04,7.67000008,6.3499999,0.0340417,
28-3-2014 12:38:46.144,0.04,7.67000008,6.3499999,0.0340417,
28-3-2014 12:38:47.145,0.04,7.67000008,6.3499999,0.0340417,
28-3-2014 12:38:48.145,0.04,7.67000008,6.3499999,0.0340417,
28-3-2014 12:38:49.145,0.04,7.67000008,6.3499999,0.0340417,
28-3-2014 12:38:50.145,0.04,7.67000008,6.3499999,0.0340417,
28-3-2014 12:38:51.145,0.04,7.67000008,6.3499999,0.0340417,
28-3-2014 12:38:52.144,0.04,7.67000008,6.3499999,0.0340417,
28-3-2014 12:38:53.145,0.04,7.67000008,6.3499999,0.0340417,
28-3-2014 12:38:54.148,0.04,7.67000008,6.3499999,0.0340417,
28-3-2014 12:38:55.145,0.04,7.67000008,6.3499999,0.0340417,
28-3-2014 12:38:56.145,0.04,7.67000008,6.3499999,0.0340417,
28-3-2014 12:38:57.144,0.04,7.67000008,6.3499999,0.0340417,
28-3-2014 12:38:58.150,0.04,7.67000008,6.3499999,0.0340417,
28-3-2014 12:38:59.145,0.04,7.67000008,6.3499999,0.0340417,
28-3-2014 12:39:00.145,0.04,7.67000008,6.3499999,0.0340417,
28-3-2014 12:39:01.144,0.04,7.67000008,6.3499999,0.0340417,
28-3-2014 12:39:02.145,0.04,7.67000008,6.3499999,0.0340417,
28-3-2014 12:39:03.145,0.04,7.67000008,6.3499999,0.0340417,
28-3-2014 12:39:04.145,0.04,7.67000008,6.3499999,0.0340417,
28-3-2014 12:39:05.145,0.04,7.67000008,6.3499999,0.0340417,
28-3-2014 12:39:06.144,0.04,7.67000008,6.3499999,0.0340417,
28-3-2014 12:39:07.144,0.04,7.67000008,6.3499999,0.0340417,
28-3-2014 12:39:08.144,0.04,7.67000008,6.3499999,0.0340417,
28-3-2014 12:39:09.145,0.04,7.67000008,6.3499999,0.0340417,
28-3-2014 12:39:10.145,0.04,7.67000008,6.3499999,0.0340417,
28-3-2014 12:39:11.145,0.04,7.67000008,6.3499999,0.0340417,
28-3-2014 12:39:12.144,0.04,7.67000008,6.3499999,0.0340417,
28-3-2014 12:39:13.145,0.04,7.67000008,6.3499999,0.0340417,
28-3-2014 12:39:14.145,0.04,7.67000008,6.3499999,0.0340417,
28-3-2014 12:39:15.144,0.04,7.67000008,6.3499999,0.0340417,
28-3-2014 12:39:16.145,0.04,7.67000008,6.3499999,0.0340417,
28-3-2014 12:39:17.145,0.04,7.67000008,6.3499999,0.0340417,
28-3-2014 12:39:18.144,0.04,7.67000008,6.3499999,0.0340417,
28-3-2014 12:39:19.145,0.04,7.67000008,6.3499999,0.0340417,
28-3-2014 12:39:20.145,0.04,7.67000008,6.3499999,0.0340417,
28-3-2014 12:39:21.144,0.04,7.67000008,6.3499999,0.0340417,
28-3-2014 12:39:22.145,0.04,7.67000008,6.3499999,0.0340417,
28-3-2014 12:39:23.145,0.04,7.67000008,6.3499999,0.0340417,
28-3-2014 12:39:24.145,0.04,7.67000008,6.3499999,0.0340417,
28-3-2014 12:39:25.148,0.04,7.67000008,6.3499999,0.0340417,
28-3-2014 12:39:26.148,0.04,7.67000008,6.3499999,0.0340417,
28-3-2014 12:39:27.145,0.04,7.67000008,6.3499999,0.0340417,
28-3-2014 12:39:28.145,0.04,7.67000008,6.3499999,0.0340417,
28-3-2014 12:39:29.145,0.04,7.67000008,6.3499999,0.0340417,
28-3-2014 12:39:30.145,0.04,7.67000008,6.3499999,0.0340417,
28-3-2014 12:39:31.145,0.04,7.67000008,6.3499999,0.0340417,
28-3-2014 12:39:32.145,0.04,7.67000008,6.3499999,0.0340417,
28-3-2014 12:39:33.145,0.04,7.67000008,6.3499999,0.0340417,
28-3-2014 12:39:34.144,0.04,7.67000008,6.3499999,0.0340417,
28-3-2014 12:39:35.145,0.04,7.67000008,6.3499999,0.0340417,
28-3-2014 12:39:36.144,0.04,7.67000008,6.3499999,0.0340417,
28-3-2014 12:39:37.145,0.04,7.67000008,6.3499999,0.0340417,
28-3-2014 12:39:38.146,0.04,7.67000008,6.3499999,0.0340417,
28-3-2014 12:39:39.148,0.04,7.67000008,6.3499999,0.0340417,
28-3-2014 12:39:40.145,0.04,7.67000008,6.3499999,0.0340417,
28-3-2014 12:39:41.145,0.04,7.67000008,6.3499999,0.0340417,
28-3-2014 12:39:42.145,0.04,7.67000008,6.3499999,0.0340417,
28-3-2014 12:39:43.144,0.04,7.67000008,6.3499999,0.0340417,
28-3-2014 12:39:44.145,0.04,7.67000008,6.3499999,0.0340417,
28-3-2014 12:39:45.144,0.04,7.67000008,6.3499999,0.0340417,
28-3-2014 12:39:46.145,0.04,7.67000008,6.3499999,0.0340417,
28-3-2014 12:39:47.145,0.04,7.67000008,6.3499999,0.0340417,
28-3-2014 12:39:48.145,0.04,7.67000008,6.3499999,0.0340417,
28-3-2014 12:39:49.144,0.04,7.67000008,6.3499999,0.0340417,
28-3-2014 12:39:50.145,0.04,7.67000008,6.3499999,0.0340417,
28-3-2014 12:39:51.145,0.04,7.67000008,6.3499999,0.0340417,
28-3-2014 12:39:52.147,0.04,7.67000008,6.3499999,0.0340417,
28-3-2014 12:39:53.144,0.04,7.67000008,6.3499999,0.0340417,
28-3-2014 12:39:54.145,0.04,7.67000008,6.3499999,0.0340417,
28-3-2014 12:39:55.144,0.04,7.67000008,6.3499999,0.0340417,
28-3-2014 12:39:56.145,0.04,7.67000008,6.3499999,0.0340417,
28-3-2014 12:39:57.145,0.04,7.67000008,6.3499999,0.0340417,
28-3-2014 12:39:58.144,0.04,7.67000008,6.3499999,0.0340417,
28-3-2014 12:39:59.144,0.04,7.67000008,6.3499999,0.0340417,
28-3-2014 12:40:00.145,0.04,7.67000008,6.3499999,0.0340417,
28-3-2014 12:40:01.145,0.04,7.67000008,6.3499999,0.0340417,
28-3-2014 12:40:02.144,0.04,7.67000008,6.3499999,0.0340417,
28-3-2014 12:40:03.144,0.04,7.67000008,6.3499999,0.0340417,
28-3-2014 12:40:04.144,0.04,7.67000008,6.3499999,0.0340417,
28-3-2014 12:40:05.146,0.04,7.67000008,6.3499999,0.0340417,
28-3-2014 12:40:06.145,0.04,7.67000008,6.3499999,0.0340417,
28-3-2014 12:40:07.145,0.04,7.67000008,6.3499999,0.0340417,
28-3-2014 12:40:08.144,0.04,7.67000008,6.3499999,0.0340417,
28-3-2014 12:40:09.144,0.04,7.67000008,6.3499999,0.0340417,
28-3-2014 12:40:10.145,0.04,7.67000008,6.3499999,0.0340417,
28-3-2014 12:40:11.145,0.04,7.67000008,6.3499999,0.0340417,
28-3-2014 12:40:12.145,0.04,7.67000008,6.3499999,0.0340417,
28-3-2014 12:40:13.145,0.04,7.67000008,6.3499999,0.0340417,
28-3-2014 12:40:14.145,0.04,7.67000008,6.3499999,0.0340417,
28-3-2014 12:40:15.149,0.04,7.67000008,6.3499999,0.0340417,
28-3-2014 12:40:16.145,0.04,7.67000008,6.3499999,0.0340417,
28-3-2014 12:40:17.146,0.04,7.67000008,6.3499999,0.0340417,
28-3-2014 12:40:18.160,0.04,7.67000008,6.3499999,0.0340417,
28-3-2014 12:40:19.145,0.04,7.67000008,6.3499999,0.0340417,
28-3-2014 12:40:20.145,0.04,7.67000008,6.3499999,0.0340417,
28-3-2014 12:40:21.146,0.04,7.67000008,6.3499999,0.0340417,
28-3-2014 12:40:22.145,0.04,7.67000008,6.3499999,0.0340417,
28-3-2014 12:40:23.145,0.04,7.67000008,6.3499999,0.0340417,
28-3-2014 12:40:24.147,0.04,7.67000008,6.3499999,0.0340417,
28-3-2014 12:40:25.147,0.04,7.67000008,6.3499999,0.0340417,
28-3-2014 12:40:26.145,0.04,7.67000008,6.3499999,0.0340417,
28-3-2014 12:40:27.147,0.04,7.67000008,6.3499999,0.0340417,
28-3-2014 12:40:28.145,0.04,7.67000008,6.3499999,0.0340417,
28-3-2014 12:40:29.145,0.04,7.67000008,6.3499999,0.0340417,
28-3-2014 12:40:30.144,0.04,7.67000008,6.3499999,0.0340417,
28-3-2014 12:40:31.147,0.04,7.67000008,6.3499999,0.0340417,
28-3-2014 12:40:32.144,0.04,7.67000008,6.3499999,0.0340417,
28-3-2014 12:40:33.144,0.04,7.67000008,6.3499999,0.0340417,
28-3-2014 12:40:34.146,0.04,7.67000008,6.3499999,0.0340417,
28-3-2014 12:40:35.145,0.04,7.67000008,6.3499999,0.0340417,
28-3-2014 12:40:36.148,0.04,7.67000008,6.3499999,0.0340417,
28-3-2014 12:40:37.144,0.04,7.67000008,6.3499999,0.0340417,
28-3-2014 12:40:38.145,0.04,7.67000008,6.3499999,0.0340417,
28-3-2014 12:40:39.147,0.04,7.67000008,6.3499999,0.0340417,
28-3-2014 12:40:40.145,0.04,7.67000008,6.3499999,0.0340417,
28-3-2014 12:40:41.145,0.04,7.67000008,6.3499999,0.0340417,
28-3-2014 12:40:42.145,0.04,7.67000008,6.3499999,0.0340417,
28-3-2014 12:40:43.145,0.04,7.67000008,6.3499999,0.0340417,
28-3-2014 12:40:44.150,0.04,7.67000008,6.3499999,0.0340417,
28-3-2014 12:40:45.145,0.04,7.67000008,6.3499999,0.0340417,
28-3-2014 12:40:46.145,0.04,7.67000008,6.3499999,0.0340417,
28-3-2014 12:40:47.145,0.04,7.67000008,6.3499999,0.0340417,
28-3-2014 12:40:48.146,0.04,7.67000008,6.3499999,0.0340417,
28-3-2014 12:40:49.145,0.04,7.67000008,6.3499999,0.0340417,
28-3-2014 12:40:50.150,0.04,7.67000008,6.3499999,0.0340417,
28-3-2014 12:40:51.148,0.04,7.67000008,6.3499999,0.0340417,
28-3-2014 12:40:52.144,0.04,7.67000008,6.3499999,0.0340417,
28-3-2014 12:40:53.147,0.04,7.67000008,6.3499999,0.0340417,
28-3-2014 12:40:54.145,0.04,7.67000008,6.3499999,0.0340417,
28-3-2014 12:40:55.144,0.04,7.67000008,6.3499999,0.0340417,
28-3-2014 12:40:56.144,0.04,7.67000008,6.3499999,0.0340417,
28-3-2014 12:40:57.145,0.04,7.67000008,6.3499999,0.0340417,
28-3-2014 12:40:58.145,0.04,7.67000008,6.3499999,0.0340417,
28-3-2014 12:40:59.144,0.04,7.67000008,6.3499999,0.0340417,
28-3-2014 12:41:00.145,0.04,7.67000008,6.3499999,0.0340417,
28-3-2014 12:41:01.145,0.04,7.67000008,6.3499999,0.0340417,
28-3-2014 12:41:02.144,0.04,7.67000008,6.3499999,0.0340417,
28-3-2014 12:41:03.145,0.04,7.67000008,6.3499999,0.0340417,
28-3-2014 12:41:04.145,0.04,7.67000008,6.3499999,0.0340417,
28-3-2014 12:41:05.145,0.04,7.67000008,6.3499999,0.0340417,
28-3-2014 12:41:06.145,0.04,7.67000008,6.3499999,0.0340417,
28-3-2014 12:41:07.145,0.04,7.67000008,6.3499999,0.0340417,
28-3-2014 12:41:08.144,0.04,7.67000008,6.3499999,0.0340417,
28-3-2014 12:41:09.144,0.04,7.67000008,6.3499999,0.0340417,
28-3-2014 12:41:10.145,0.04,7.67000008,6.3499999,0.0340417,
28-3-2014 12:41:11.144,0.04,7.67000008,6.3499999,0.0340417,
28-3-2014 12:41:12.145,0.04,7.67000008,6.3499999,0.0340417,
28-3-2014 12:41:13.146,0.04,7.67000008,6.3499999,0.0340417,
28-3-2014 12:41:14.145,0.04,7.67000008,6.3499999,0.0340417,
28-3-2014 12:41:15.145,0.04,7.67000008,6.3499999,0.0340417,
28-3-2014 12:41:16.144,0.04,7.67000008,6.3499999,0.0340417,
28-3-2014 12:41:17.144,0.04,7.67000008,6.3499999,0.0340417,
28-3-2014 12:41:18.145,0.04,7.67000008,6.3499999,0.0340417,
28-3-2014 12:41:19.145,0.04,7.67000008,6.3499999,0.0340417,
28-3-2014 12:41:20.146,0.04,7.67000008,6.3499999,0.0340417,
28-3-2014 12:41:21.145,0.04,7.67000008,6.3499999,0.0340417,
28-3-2014 12:41:22.144,0.04,7.67000008,6.3499999,0.0340417,
28-3-2014 12:41:23.147,0.04,7.67000008,6.3499999,0.0340417,
28-3-2014 12:41:24.145,0.04,7.67000008,6.3499999,0.0340417,
28-3-2014 12:41:25.145,0.04,7.67000008,6.3499999,0.0340417,
28-3-2014 12:41:26.144,0.04,7.67000008,6.3499999,0.0340417,
28-3-2014 12:41:27.145,0.04,7.67000008,6.3499999,0.0340417,
28-3-2014 12:41:28.145,0.04,7.67000008,6.3499999,0.0340417,
28-3-2014 12:41:29.145,0.04,7.67000008,6.3499999,0.0340417,
28-3-2014 12:41:30.144,0.04,7.67000008,6.3499999,0.0340417,
28-3-2014 12:41:31.144,0.04,7.67000008,6.3499999,0.0340417,
28-3-2014 12:41:32.145,0.04,7.67000008,6.3499999,0.0340417,
28-3-2014 12:41:33.145,0.04,7.67000008,6.3499999,0.0340417,
28-3-2014 12:41:34.145,0.04,7.67000008,6.3499999,0.0340417,
28-3-2014 12:41:35.144,0.04,7.67000008,6.3499999,0.0340417,
28-3-2014 12:41:36.144,0.04,7.67000008,6.3499999,0.0340417,
28-3-2014 12:41:37.145,0.04,7.67000008,6.3499999,0.0340417,
28-3-2014 12:41:38.149,0.04,7.67000008,6.3499999,0.0340417,
28-3-2014 12:41:39.145,0.04,7.67000008,6.3499999,0.0340417,
28-3-2014 12:41:40.145,0.04,7.67000008,6.3499999,0.0340417,
28-3-2014 12:41:41.148,0.04,7.67000008,6.3499999,0.0340417,
28-3-2014 12:41:42.147,0.04,7.67000008,6.3499999,0.0340417,
28-3-2014 12:41:43.145,0.04,7.67000008,6.3499999,0.0340417,
28-3-2014 12:41:44.148,0.04,7.67000008,6.3499999,0.0340417,
28-3-2014 12:41:45.149,0.04,7.67000008,6.3499999,0.0340417,
28-3-2014 12:41:46.145,0.04,7.67000008,6.3499999,0.0340417,
28-3-2014 12:41:47.145,0.04,7.67000008,6.3499999,0.0340417,
28-3-2014 12:41:48.144,0.04,7.67000008,6.3499999,0.0340417,
28-3-2014 12:41:49.145,0.04,7.67000008,6.3499999,0.0340417,
28-3-2014 12:41:50.145,0.04,7.67000008,6.3499999,0.0340417,
28-3-2014 12:41:51.145,0.04,7.67000008,6.3499999,0.0340417,
28-3-2014 12:41:52.145,0.04,7.67000008,6.3499999,0.0340417,
28-3-2014 12:41:53.144,0.04,7.67000008,6.3499999,0.0340417,
28-3-2014 12:41:54.145,0.04,7.67000008,6.3499999,0.0340417,
28-3-2014 12:41:55.145,0.04,7.67000008,6.3499999,0.0340417,
28-3-2014 12:41:56.145,0.04,7.67000008,6.3499999,0.0340417,
28-3-2014 12:41:57.144,0.04,7.67000008,6.3499999,0.0340417,
28-3-2014 12:41:58.146,0.04,7.67000008,6.3499999,0.0340417,
28-3-2014 12:41:59.145,0.04,7.67000008,6.3499999,0.0340417,
28-3-2014 12:42:00.144,0.04,7.67000008,6.3499999,0.0340417,
28-3-2014 12:42:01.145,0.04,7.67000008,6.3499999,0.0340417,
28-3-2014 12:42:02.145,0.04,7.67000008,6.3499999,0.0340417,
28-3-2014 12:42:03.150,0.04,7.67000008,6.3499999,0.0340417,
28-3-2014 12:42:04.145,0.04,7.67000008,6.3499999,0.0340417,
28-3-2014 12:42:05.145,0.04,7.67000008,6.3499999,0.0340417,
28-3-2014 12:42:06.145,0.04,7.67000008,6.3499999,0.0340417,
28-3-2014 12:42:07.144,0.04,7.67000008,6.3499999,0.0340417,
28-3-2014 12:42:08.144,0.04,7.67000008,6.3499999,0.0340417,
28-3-2014 12:42:09.145,0.04,7.67000008,6.3499999,0.0340417,
28-3-2014 12:42:10.144,0.04,7.67000008,6.3499999,0.0340417,
28-3-2014 12:42:11.144,0.04,7.67000008,6.3499999,0.0340417,
28-3-2014 12:42:12.145,0.04,7.67000008,6.3499999,0.0340417,
28-3-2014 12:42:13.145,0.04,7.67000008,6.3499999,0.0340417,
28-3-2014 12:42:14.144,0.04,7.67000008,6.3499999,0.0340417,
28-3-2014 12:42:15.147,0.04,7.67000008,6.3499999,0.0340417,
28-3-2014 12:42:16.146,0.04,7.67000008,6.3499999,0.0340417,
28-3-2014 12:42:17.144,0.04,7.67000008,6.3499999,0.0340417,
28-3-2014 12:42:18.145,0.04,7.67000008,6.3499999,0.0340417,
28-3-2014 12:42:19.146,0.04,7.67000008,6.3499999,0.0340417,
28-3-2014 12:42:20.145,0.04,7.67000008,6.3499999,0.0340417,
28-3-2014 12:42:21.146,0.04,7.67000008,6.3499999,0.0340417,
28-3-2014 12:42:22.145,0.04,7.67000008,6.3499999,0.0340417,
28-3-2014 12:42:23.145,0.04,7.67000008,6.3499999,0.0340417,
28-3-2014 12:42:24.147,0.04,7.67000008,6.3499999,0.0340417,
28-3-2014 12:42:25.144,0.04,7.67000008,6.3499999,0.0340417,
28-3-2014 12:42:26.163,0.04,7.67000008,6.3499999,0.0340417,
28-3-2014 12:42:27.146,0.04,7.67000008,6.3499999,0.0340417,
28-3-2014 12:42:28.145,0.04,7.67000008,6.3499999,0.0340417,
28-3-2014 12:42:29.145,0.04,7.67000008,6.3499999,0.0340417,
28-3-2014 12:42:30.145,0.04,7.67000008,6.3499999,0.0340417,
28-3-2014 12:42:31.145,0.04,7.67000008,6.3499999,0.0340417,
28-3-2014 12:42:32.144,0.04,7.67000008,6.3499999,0.0340417,
28-3-2014 12:42:33.145,0.04,7.67000008,6.3499999,0.0340417,
28-3-2014 12:42:34.144,0.04,7.67000008,6.3499999,0.0340417,
28-3-2014 12:42:35.145,0.04,7.67000008,6.3499999,0.0340417,
28-3-2014 12:42:36.145,0.04,7.67000008,6.3499999,0.0340417,
28-3-2014 12:42:37.144,0.04,7.67000008,6.3499999,0.0340417,
28-3-2014 12:42:38.144,0.04,7.67000008,6.3499999,0.0340417,
28-3-2014 12:42:39.144,0.04,7.67000008,6.3499999,0.0340417,
28-3-2014 12:42:40.144,0.04,7.67000008,6.3499999,0.0340417,
28-3-2014 12:42:41.145,0.04,7.67000008,6.3499999,0.0340417,
28-3-2014 12:42:42.144,0.04,7.67000008,6.3499999,0.0340417,
28-3-2014 12:42:43.145,0.04,7.67000008,6.3499999,0.0340417,
28-3-2014 12:42:44.146,0.04,7.67000008,6.3499999,0.0340417,
28-3-2014 12:42:45.145,0.04,7.67000008,6.3499999,0.0340417,
28-3-2014 12:42:46.145,0.04,7.67000008,6.3499999,0.0340417,
28-3-2014 12:42:47.146,0.04,7.67000008,6.3499999,0.0340417,
28-3-2014 12:42:48.145,0.04,7.67000008,6.3499999,0.0340417,
28-3-2014 12:42:49.145,0.04,7.67000008,6.3499999,0.0340417,
28-3-2014 12:42:50.146,0.04,7.67000008,6.3499999,0.0340417,
28-3-2014 12:42:51.144,0.04,7.67000008,6.3499999,0.0340417,
28-3-2014 12:42:52.150,0.04,7.67000008,6.3499999,0.0340417,
28-3-2014 12:42:53.145,0.04,7.67000008,6.3499999,0.0340417,
28-3-2014 12:42:54.144,0.04,7.67000008,6.3499999,0.0340417,
28-3-2014 12:42:55.145,0.04,7.67000008,6.3499999,0.0340417,
28-3-2014 12:42:56.146,0.04,7.67000008,6.3499999,0.0340417,
28-3-2014 12:42:57.145,0.04,7.67000008,6.3499999,0.0340417,
28-3-2014 12:42:58.147,0.04,7.67000008,6.3499999,0.0340417,
28-3-2014 12:42:59.145,0.04,7.67000008,6.3499999,0.0340417,
28-3-2014 12:43:00.144,0.04,7.67000008,6.3499999,0.0340417,
28-3-2014 12:43:01.146,0.04,7.67000008,6.3499999,0.0340417,
28-3-2014 12:43:02.145,0.04,7.67000008,6.3499999,0.0340417,
28-3-2014 12:43:03.147,0.04,7.67000008,6.3499999,0.0340417,
28-3-2014 12:43:04.145,0.04,7.67000008,6.3499999,0.0340417,
28-3-2014 12:43:05.145,0.04,7.67000008,6.3499999,0.0340417,
28-3-2014 12:43:06.145,0.04,7.67000008,6.3499999,0.0340417,
28-3-2014 12:43:07.160,0.04,7.67000008,6.3499999,0.0340417,
28-3-2014 12:43:08.148,0.04,7.67000008,6.3499999,0.0340417,
28-3-2014 12:43:09.144,0.04,7.67000008,6.3499999,0.0340417,
28-3-2014 12:43:10.144,0.04,7.67000008,6.3499999,0.0340417,
28-3-2014 12:43:11.144,0.04,7.67000008,6.3499999,0.0340417,
28-3-2014 12:43:12.144,0.04,7.67000008,6.3499999,0.0340417,
28-3-2014 12:43:13.146,0.04,7.67000008,6.3499999,0.0340417,
28-3-2014 12:43:14.144,0.04,7.67000008,6.3499999,0.0340417,
28-3-2014 12:43:15.147,0.04,7.67000008,6.3499999,0.0340417,
28-3-2014 12:43:16.145,0.04,7.67000008,6.3499999,0.0340417,
28-3-2014 12:43:17.144,0.04,7.67000008,6.3499999,0.0340417,
28-3-2014 12:43:18.146,0.04,7.67000008,6.3499999,0.0340417,
28-3-2014 12:43:19.145,0.04,7.67000008,6.3499999,0.0340417,
28-3-2014 12:43:20.144,0.04,7.67000008,6.3499999,0.0340417,
28-3-2014 12:43:21.150,0.04,7.67000008,6.3499999,0.0340417,
28-3-2014 12:43:22.145,0.04,7.67000008,6.3499999,0.0340417,
28-3-2014 12:43:23.146,0.04,7.67000008,6.3499999,0.0340417,
28-3-2014 12:43:24.146,0.04,7.67000008,6.3499999,0.0340417,
28-3-2014 12:43:25.145,0.04,7.67000008,6.3499999,0.0340417,
28-3-2014 12:43:26.145,0.04,7.67000008,6.3499999,0.0340417,
28-3-2014 12:43:27.146,0.04,7.67000008,6.3499999,0.0340417,
28-3-2014 12:43:28.147,0.04,7.67000008,6.3499999,0.0340417,
28-3-2014 12:43:29.145,0.04,7.67000008,6.3499999,0.0340417,
28-3-2014 12:43:30.145,0.04,7.67000008,6.3499999,0.0340417,
28-3-2014 12:43:31.145,0.04,7.67000008,6.3499999,0.0340417,
28-3-2014 12:43:32.149,0.04,7.67000008,6.3499999,0.0340417,
28-3-2014 12:43:33.145,0.04,7.67000008,6.3499999,0.0340417,
28-3-2014 12:43:34.144,0.04,7.67000008,6.3499999,0.0340417,
28-3-2014 12:43:35.144,0.04,7.67000008,6.3499999,0.0340417,
28-3-2014 12:43:36.149,0.04,7.67000008,6.3499999,0.0340417,
28-3-2014 12:43:37.144,0.04,7.67000008,6.3499999,0.0340417,
28-3-2014 12:43:38.145,0.04,7.67000008,6.3499999,0.0340417,
28-3-2014 12:43:39.145,0.04,7.67000008,6.3499999,0.0340417,
28-3-2014 12:43:40.145,0.04,7.67000008,6.3499999,0.0340417,
