GPS Time, Device Time, Longitude, Latitude,GPS Speed (Meters/second), Horizontal Dilution of Precision, Altitude, Bearing, G(x), G(y), G(z), G(calibrated),Barometric pressure (from vehicle)(psi),Engine Load(Absolute)(%),Engine kW (At the wheels)(kW),Fuel flow rate/hour(l/hr),GPS Latitude(°),GPS Longitude(°),GPS Altitude(m),Horsepower (At the wheels)(hp),GPS Bearing(°),Kilometers Per Litre(Instant)(kpl),Oil Temperature (Engine)(°C),Oil Pressure (Engine)(psi),Absolute Throttle Position B(%),Transmission Fluid Temp (GM Method 1)(°C),Accelerator PedalPosition D(%),Throttle Position(Manifold)(%),Engine RPM(rpm),Engine Coolant Temperature(°C),Engine Load(%),Trip Distance(km),Intake Air Temperature(°C),Intake Manifold Pressure(psi),Torque(Nm),Turbo Boost & Vacuum Gauge(psi),Voltage (OBD Adapter)(V),Voltage (Control Module)(V),Ambient air temp(°C),Fuel Level (From Engine ECU)(%),Fuel flow rate/minute(cc/min),Relative Throttle Position(%),Fuel pressure(psi),Speed (GPS)(km/h),Speed (OBD)(km/h),Fuel used (trip)(l),Fuel tank pressure(psi),Outside air temperature(°C),Trip Time(Since journey start)(s),Trip time(whilst moving)(s),Trip time(whilst stationary)(s),Engine Oil Temperature(°C),Transmission Temperature(Method 1)(°C),Transmission Temperature(Method 2)(°C)
-,28-3-2014 17:40:22.297,-,-,-,-,-,-,7.86,0.23,6.47,0.06,14.5,-,-,-,-,-,-,-,-,0,-,-,-,-,-,18.82,1415.75,80,-,-,29,3.05,-,-11.65,-,-,28,57.65,-,-,-,-,39,-,-,-,0,0.08,0,-,-,-
-,28-3-2014 17:40:25.185,-,-,-,-,-,-,7.86,0.23,6.47,0.06,14.5,-,-,-,-,-,-,-,-,29.02,57,0,18.82,48,19.61,19.22,1405,80,14.12,0.01,29,2.9,-,-11.6,14,13.99,28,57.65,-,8.24,43.95,-,38,0,-,-,2,2.6,0,-,-,-
-,28-3-2014 17:40:28.094,-,-,-,-,-,-,7.86,0.23,6.47,0.06,14.5,-,-,1.04,-,-,-,-,-,32.83,57,0,19.61,48,19.22,18.43,971.25,80,18.43,0.04,29,3.19,-,-11.31,14,13.83,28,54.9,17.36,9.41,44.38,-,28,0,-,-,5,5.55,0,-,-,-
-,28-3-2014 17:40:31.026,-,-,-,-,-,-,7.86,0.23,6.47,0.06,14.5,-,-,1.47,-,-,-,-,-,17.11,57,0,19.61,48,19.22,20.78,900.75,81,30.98,0.05,29,4.21,-,-10.3,14,13.96,28,49.41,24.55,10.2,42.64,-,10,0,-,-,8,8.43,0,-,-,-
-,28-3-2014 17:40:32.818,-,-,-,-,-,-,7.86,0.23,6.47,0.06,14.5,23.53,-,1.41,-,-,-,-,-,6.4,57,0,20.78,48,23.14,20,775,81,33.33,0.06,29,5.08,-,-9.43,14,14.04,28,50.2,23.45,9.8,52.21,-,1,0,-,-,10,10.29,0,-,-,-
-,28-3-2014 17:40:34.590,-,-,-,-,-,-,7.86,0.23,6.47,0.06,14.5,26.67,1.79,2.76,-,-,-,2.41,-,0.33,57,0,25.88,48,24.71,25.49,1258.5,81,35.69,0.06,29,8.27,13.61,-6.24,14,14.06,28,56.08,46.05,15.69,41.77,-,5,0,-,-,12,12.13,0,-,-,-
-,28-3-2014 17:40:36.446,-,-,-,-,-,-,7.86,0.23,6.47,0.06,14.5,30.59,6.02,3.79,-,-,-,8.08,-,1.19,58,0,29.02,48,26.27,28.24,1537.25,81,40,0.06,29,8.27,37.41,-6.24,14,14.06,28,58.04,63.23,18.82,43.95,-,11,0.01,-,-,13,13.92,0,-,-,-
-,28-3-2014 17:40:38.197,-,-,-,-,-,-,7.86,0.23,6.47,0.06,14.5,34.51,6.83,5.31,-,-,-,9.15,-,1.86,58,0,30.59,48,25.88,30.59,2037.25,81,41.57,0.07,28,8.27,31.99,-6.24,14,13.96,28,55.69,88.56,20.39,45.69,-,16,0.01,-,-,15,15.71,0,-,-,-
-,28-3-2014 17:40:40.062,-,-,-,-,-,-,7.86,0.23,6.47,0.06,14.5,23.14,7.53,3.49,-,-,-,10.1,-,4.13,58,0,27.06,49,23.53,26.67,1721.5,81,31.37,0.08,28,7.69,41.8,-6.82,14,13.96,28,54.51,58.11,16.47,44.82,-,20,0.01,-,-,17,17.51,0,-,-,-
-,28-3-2014 17:40:41.810,-,-,-,-,-,-,7.86,0.23,6.47,0.06,14.5,10.98,1.81,1.46,-,-,-,2.43,-,12.34,58,0,20,49,19.22,20,1539.75,81,14.9,0.09,28,3.05,11.24,-11.46,14,13.97,28,55.69,24.3,9.8,44.38,-,21,0.01,-,-,19,19.3,0,-,-,-
-,28-3-2014 17:40:43.581,-,-,-,-,-,-,7.86,0.23,6.47,0.06,14.5,11.76,1.81,1.44,-,-,-,2.43,-,13.09,58,0,20.39,49,19.61,20.39,1448,81,16.08,0.1,29,3.05,11.24,-11.46,14,13.98,28,54.12,24.06,9.8,40.9,-,20,0.01,-,-,21,21.05,0,-,-,-
-,28-3-2014 17:40:45.450,-,-,-,-,-,-,7.86,0.23,6.47,0.06,14.5,14.12,-,1.43,-,-,-,-,-,12.63,59,0,21.18,49,21.96,20.39,1371.25,81,16.86,0.11,29,3.19,-,-11.31,14,13.96,28,53.73,23.76,10.59,43.08,-,18,0.01,-,-,22,22.93,0,-,-,-
-,28-3-2014 17:40:47.120,-,-,-,-,-,-,7.86,0.23,6.47,0.06,14.5,11.37,-,1.39,-,-,-,-,-,11.63,59,0,20,49,19.61,20,1356,81,16.47,0.12,29,3.34,-,-11.17,14,13.97,28,55.29,23.21,9.41,43.51,-,17,0.01,-,-,24,24.68,0,-,-,-
-,28-3-2014 17:40:48.955,-,-,-,-,-,-,7.86,0.23,6.47,0.06,14.5,11.76,-,1.28,-,-,-,-,-,11.96,59,0,19.61,49,19.22,19.61,1267.5,81,16.86,0.12,29,3.19,-,-11.31,13.9,13.98,28,55.29,21.32,9.41,43.51,-,17,0.01,-,-,26,26.41,0,-,-,-
-,28-3-2014 17:40:50.740,-,-,-,-,-,-,7.86,0.23,6.47,0.06,14.5,11.37,-,1.22,-,-,-,-,-,12.57,59,0,18.82,49,19.22,19.22,1187.75,81,16.86,0.13,29,3.19,-,-11.31,13.9,13.99,28,55.29,20.28,8.63,43.95,-,16,0.02,-,-,28,28.2,0,-,-,-
-,28-3-2014 17:40:52.504,-,-,-,-,-,-,7.86,0.23,6.47,0.06,14.5,15.29,-,1.25,-,-,-,-,-,11.55,59,0,19.61,49,19.22,19.61,1067,81,20,0.14,29,3.48,-,-11.02,14,13.96,28,56.08,20.77,9.41,43.95,-,15,0.02,-,-,29,30,0,-,-,-
-,28-3-2014 17:40:54.288,-,-,-,-,-,-,7.86,0.23,6.47,0.06,14.5,17.25,-,1.41,-,-,-,-,-,9.54,59,0,20,49,19.22,20,939,81,25.88,0.15,29,4.21,-,-10.3,14,13.98,28,56.08,23.57,9.8,42.21,-,13,0.02,-,-,31,31.79,0,-,-,-
-,28-3-2014 17:40:55.991,-,-,-,-,-,-,7.86,0.23,6.47,0.06,14.5,17.65,-,1.44,-,-,-,-,-,8.15,59,0,20,49,19.22,20,956,81,26.27,0.15,29,4.5,-,-10.01,13.9,13.97,28,56.08,23.94,9.8,43.95,-,12,0.02,-,-,33,33.51,0,-,-,-
-,28-3-2014 17:40:57.703,-,-,-,-,-,-,7.86,0.23,6.47,0.06,14.5,18.04,-,1.43,-,-,-,-,-,7.54,60,0,20,49,19.22,20,927.75,81,27.45,0.16,29,4.5,-,-10.01,13.9,13.96,28,56.08,23.88,9.8,44.38,-,12,0.02,-,-,35,35.22,0,-,-,-
-,28-3-2014 17:40:59.416,-,-,-,-,-,-,7.86,0.23,6.47,0.06,14.5,19.61,-,1.49,-,-,-,-,-,7.24,60,0,20.78,49,19.22,20.39,893.5,81,30.2,0.16,29,4.64,-,-9.86,13.9,13.91,28,56.08,24.85,10.2,43.95,-,9,0.02,-,-,36,36.92,0,-,-,-
-,28-3-2014 17:41:01.227,-,-,-,-,-,-,7.86,0.23,6.47,0.06,14.5,19.61,-,1.4,-,-,-,-,-,5.77,60,0,20,49,19.22,20,799.5,81,31.76,0.17,29,5.22,-,-9.28,14,13.95,28,53.33,23.39,9.41,43.51,-,3,0.02,-,-,38,38.71,0,-,-,-
-,28-3-2014 17:41:02.928,-,-,-,-,-,-,7.86,0.23,6.47,0.06,14.5,19.61,-,1.31,-,-,-,-,-,2.06,60,0,19.61,49,19.22,19.61,782.75,80,30.2,0.17,29,4.93,-,-9.57,14,14.01,28,52.94,21.81,9.41,52.21,-,0,0.02,-,-,40,39.88,0.57,-,-,-
-,28-3-2014 17:41:04.585,-,-,-,-,-,-,7.86,0.23,6.47,0.06,14.5,18.43,-,1.29,-,-,-,-,-,0,60,0,19.22,49,19.61,19.22,777.5,80,30.2,0.17,29,4.93,-,-9.57,13.9,14.07,28,54.51,21.44,9.02,51.34,-,0,0.02,-,-,42,39.88,2.26,-,-,-
-,28-3-2014 17:41:06.449,-,-,-,-,-,-,7.86,0.23,6.47,0.06,14.5,18.82,-,1.25,-,-,-,-,-,0,60,0,19.22,49,19.22,19.22,765.75,80,29.8,0.17,29,4.79,-,-9.72,14,13.99,28,55.69,20.83,9.02,52.21,-,0,0.02,-,-,43,39.88,4,-,-,-
-,28-3-2014 17:41:08.240,-,-,-,-,-,-,7.86,0.23,6.47,0.06,14.5,18.43,-,1.2,-,-,-,-,-,0,60,0,19.22,49,19.22,19.22,760.5,80,29.41,0.17,29,4.79,-,-9.72,14,13.96,28,56.47,19.98,8.63,51.34,-,0,0.02,-,-,45,39.88,5.81,-,-,-
-,28-3-2014 17:41:09.941,-,-,-,-,-,-,7.86,0.23,6.47,0.06,14.5,19.22,-,1.22,-,-,-,-,-,0,60,0,19.22,49,19.61,19.22,747.75,80,30.2,0.17,29,4.79,-,-9.72,14,14.01,28,56.47,20.28,9.02,50.91,-,0,0.02,-,-,47,39.88,7.59,-,-,-
-,28-3-2014 17:41:11.728,-,-,-,-,-,-,7.86,0.23,6.47,0.06,14.5,18.43,-,1.23,-,-,-,-,-,0,60,0,19.22,49,19.22,19.22,742.5,80,30.2,0.17,29,4.79,-,-9.72,14,13.96,28,56.47,20.47,9.02,52.21,-,0,0.02,-,-,49,39.88,9.34,-,-,-
-,28-3-2014 17:41:13.512,-,-,-,-,-,-,7.86,0.23,6.47,0.06,14.5,18.04,-,1.2,-,-,-,-,-,0,60,0,19.22,49,19.22,19.22,749.75,81,29.02,0.17,29,4.79,-,-9.72,13.9,13.97,28,56.47,19.98,8.63,51.78,-,0,0.02,-,-,51,39.88,11.15,-,-,-
-,28-3-2014 17:41:15.420,-,-,-,-,-,-,7.86,0.23,6.47,0.06,14.5,18.82,-,1.2,-,-,-,-,-,0,60,0,19.22,49,19.22,19.22,748.75,81,30.59,0.17,29,4.79,-,-9.72,13.9,13.95,28,56.08,19.98,9.02,51.34,-,0,0.02,-,-,52,39.88,12.99,-,-,-
-,28-3-2014 17:41:17.172,-,-,-,-,-,-,7.86,0.23,6.47,0.06,14.5,18.43,-,1.23,-,-,-,-,-,0,60,0,19.22,49,19.61,19.22,761.25,81,29.41,0.17,29,4.79,-,-9.72,14,13.92,28,56.08,20.53,9.02,52.21,-,0,0.02,-,-,54,39.88,14.81,-,-,-
-,28-3-2014 17:41:18.946,-,-,-,-,-,-,7.86,0.23,6.47,0.06,14.5,18.04,-,1.2,-,-,-,-,-,0,61,0,19.22,49,19.22,19.22,744.25,81,29.02,0.17,29,4.79,-,-9.72,14,13.93,28,56.08,19.92,8.63,52.21,-,0,0.03,-,-,56,39.88,16.57,-,-,-
-,28-3-2014 17:41:20.648,-,-,-,-,-,-,7.86,0.23,6.47,0.06,14.5,18.82,-,1.25,-,-,-,-,-,0,61,0,19.22,49,19.22,19.22,754.75,81,30.2,0.17,29,4.93,-,-9.57,14,14,28,56.08,20.77,9.02,51.34,-,0,0.03,-,-,58,39.88,18.31,-,-,-
-,28-3-2014 17:41:22.447,-,-,-,-,-,-,7.86,0.23,6.47,0.06,14.5,18.04,-,1.21,-,-,-,-,-,0,61,0,19.22,49,19.22,19.22,747.25,81,29.41,0.17,29,4.93,-,-9.57,14,14.03,28,56.08,20.22,8.63,51.78,-,0,0.03,-,-,59,39.88,20.02,-,-,-
-,28-3-2014 17:41:24.231,-,-,-,-,-,-,7.86,0.23,6.47,0.06,14.5,18.82,-,1.2,-,-,-,-,-,0,61,0,19.22,49,19.22,19.22,756,81,29.02,0.17,29,4.79,-,-9.72,14,14.01,28,56.08,19.92,9.02,51.34,-,0,0.03,-,-,61,39.88,21.82,-,-,-
-,28-3-2014 17:41:26.025,-,-,-,-,-,-,7.86,0.23,6.47,0.06,14.5,18.43,-,1.2,-,-,-,-,-,0,61,0,19.22,49,19.22,19.22,748.5,81,29.41,0.17,29,4.79,-,-9.72,14,14.01,28,56.08,20.04,9.02,50.91,-,0,0.03,-,-,63,39.88,23.63,-,-,-
-,28-3-2014 17:41:27.758,-,-,-,-,-,-,7.86,0.23,6.47,0.06,14.5,18.43,-,1.21,-,-,-,-,-,0,61,0,19.22,49,19.22,19.22,755.25,81,29.41,0.17,29,4.93,-,-9.57,14,13.9,28,56.08,20.16,9.02,52.65,-,0,0.03,-,-,65,39.88,25.41,-,-,-
-,28-3-2014 17:41:29.493,-,-,-,-,-,-,7.86,0.23,6.47,0.06,14.5,18.43,-,1.19,-,-,-,-,-,0,61,0,19.22,49,19.61,19.22,754,81,29.41,0.17,29,4.79,-,-9.72,13.9,13.93,28,56.08,19.8,8.63,52.21,-,0,0.03,-,-,67,39.88,27.17,-,-,-
-,28-3-2014 17:41:31.382,-,-,-,-,-,-,7.86,0.23,6.47,0.06,14.5,19.22,-,1.24,-,-,-,-,-,0,61,0,19.22,49,19.22,19.22,746.5,81,30.59,0.17,29,4.93,-,-9.57,14,13.99,28,56.08,20.65,9.02,52.65,-,0,0.03,-,-,68,39.88,28.9,-,-,-
-,28-3-2014 17:41:33.159,-,-,-,-,-,-,7.86,0.23,6.47,0.06,14.5,18.43,-,1.19,-,-,-,-,-,0,61,0,19.22,49,19.22,19.22,752.75,82,29.02,0.17,29,4.79,-,-9.72,13.9,13.95,28,56.08,19.86,8.63,53.52,-,0,0.03,-,-,70,39.88,30.78,-,-,-
-,28-3-2014 17:41:34.939,-,-,-,-,-,-,7.86,0.23,6.47,0.06,14.5,18.43,-,1.2,-,-,-,-,-,0,61,0,19.22,49,19.61,19.22,750.25,82,29.8,0.17,29,4.93,-,-9.57,14,13.96,28,56.08,19.98,8.63,53.08,-,0,0.03,-,-,72,39.88,32.56,-,-,-
-,28-3-2014 17:41:36.808,-,-,-,-,-,-,7.86,0.23,6.47,0.06,14.5,18.43,-,1.2,-,-,-,-,-,0,61,0,19.22,49,19.61,19.22,748.5,82,29.41,0.17,29,4.79,-,-9.72,14,13.97,28,56.08,20.04,8.63,51.78,-,0,0.03,-,-,74,39.88,34.38,-,-,-
-,28-3-2014 17:41:38.692,-,-,-,-,-,-,7.86,0.23,6.47,0.06,14.5,18.82,-,1.21,-,-,-,-,-,0,61,0,19.22,49,19.61,19.22,743.5,82,29.8,0.17,29,4.79,-,-9.72,14,14.04,28,56.08,20.16,9.02,53.08,-,0,0.03,-,-,76,39.88,36.25,-,-,-
-,28-3-2014 17:41:40.546,-,-,-,-,-,-,7.86,0.23,6.47,0.06,14.5,18.43,-,1.21,-,-,-,-,-,0,62,0,19.22,49,19.22,19.22,746.5,82,29.8,0.17,30,4.79,-,-9.72,13.9,13.95,28,56.08,20.16,9.02,53.08,-,0,0.03,-,-,77,39.88,38.09,-,-,-
-,28-3-2014 17:41:42.432,-,-,-,-,-,-,7.86,0.23,6.47,0.06,14.5,18.04,-,1.2,-,-,-,-,-,0,62,0,19.22,49,19.61,19.22,743,82,29.02,0.17,30,4.79,-,-9.72,14,13.95,28,56.08,19.92,8.63,53.52,-,0,0.03,-,-,79,39.88,39.97,-,-,-
-,28-3-2014 17:41:44.240,-,-,-,-,-,-,7.86,0.23,6.47,0.06,14.5,18.43,-,1.2,-,-,-,-,-,0,62,0,19.22,49,19.61,19.22,750.25,82,29.41,0.17,30,4.79,-,-9.72,14,13.98,28,56.08,19.92,8.63,52.65,-,0,0.03,-,-,81,39.88,41.79,-,-,-
-,28-3-2014 17:41:46.117,-,-,-,-,-,-,7.86,0.23,6.47,0.06,14.5,18.43,-,1.19,-,-,-,-,-,0,62,0,19.22,49,19.22,19.22,753.25,82,29.02,0.17,30,4.93,-,-9.57,13.9,13.95,28,56.08,19.86,8.63,52.21,-,0,0.03,-,-,83,39.88,43.67,-,-,-
-,28-3-2014 17:41:47.920,-,-,-,-,-,-,7.86,0.23,6.47,0.06,14.5,18.43,-,1.2,-,-,-,-,-,0,62,0,19.22,49,19.22,19.22,736.5,82,30.59,0.17,30,4.93,-,-9.57,13.9,13.97,28,56.08,19.92,8.63,53.52,-,0,0.04,-,-,85,39.88,45.46,-,-,-
-,28-3-2014 17:41:49.762,-,-,-,-,-,-,7.86,0.23,6.47,0.06,14.5,18.43,-,1.2,-,-,-,-,-,0,62,0,19.22,49,19.22,19.22,761.25,82,29.41,0.17,30,4.93,-,-9.57,13.9,13.99,28,56.08,19.98,8.63,53.52,-,0,0.04,-,-,87,39.88,47.35,-,-,-
-,28-3-2014 17:41:51.508,-,-,-,-,-,-,7.86,0.23,6.47,0.06,14.5,18.04,-,1.19,-,-,-,-,-,0,62,0,19.22,49,19.22,19.22,747.25,83,29.41,0.17,30,4.93,-,-9.57,14,13.96,28,56.08,19.86,8.63,54.39,-,0,0.04,-,-,88,39.88,49.09,-,-,-
-,28-3-2014 17:41:53.393,-,-,-,-,-,-,7.86,0.23,6.47,0.06,14.5,18.04,-,1.19,-,-,-,-,-,0,62,0,19.22,49,19.22,19.22,757,83,29.02,0.17,30,4.93,-,-9.57,14,13.96,28,56.08,19.8,8.63,54.39,-,0,0.04,-,-,90,39.88,50.91,-,-,-
-,28-3-2014 17:41:55.238,-,-,-,-,-,-,7.86,0.23,6.47,0.06,14.5,18.43,-,1.19,-,-,-,-,-,0,62,0,19.22,49,19.22,19.22,754.5,83,29.8,0.17,30,4.79,-,-9.72,14,14.01,28,56.08,19.86,9.02,53.08,-,0,0.04,-,-,92,39.88,52.79,-,-,-
-,28-3-2014 17:41:57.018,-,-,-,-,-,-,7.86,0.23,6.47,0.06,14.5,18.04,-,1.2,-,-,-,-,-,0,62,0,19.22,49,19.22,19.22,752,83,29.41,0.17,30,4.93,-,-9.57,14,14.02,28,56.08,19.92,8.63,54.39,-,0,0.04,-,-,94,39.88,54.62,-,-,-
-,28-3-2014 17:41:58.916,-,-,-,-,-,-,7.86,0.23,6.47,0.06,14.5,18.04,-,1.19,-,-,-,-,-,0,62,0,19.22,49,19.61,19.22,747,83,29.8,0.17,30,4.93,-,-9.57,14,13.99,28,56.08,19.8,8.63,53.52,-,0,0.04,-,-,96,39.88,56.44,-,-,-
-,28-3-2014 17:42:00.784,-,-,-,-,-,-,7.86,0.23,6.47,0.06,14.5,18.04,-,1.18,-,-,-,-,-,0,62,0,19.22,49,19.22,19.22,751.25,83,28.63,0.17,30,4.79,-,-9.72,14,13.99,28,56.08,19.74,8.63,53.95,-,0,0.04,-,-,98,39.88,58.31,-,-,-
-,28-3-2014 17:42:02.704,-,-,-,-,-,-,7.86,0.23,6.47,0.06,14.5,18.04,-,1.19,-,-,-,-,-,0,63,0,19.22,49,19.22,19.22,760.75,83,29.02,0.17,30,4.79,-,-9.72,14,13.98,28,56.08,19.8,8.63,54.39,-,0,0.04,-,-,100,39.88,60.24,-,-,-
-,28-3-2014 17:42:04.511,-,-,-,-,-,-,7.86,0.23,6.47,0.06,14.5,18.04,-,1.19,-,-,-,-,-,0,63,0,19.22,49,19.61,19.22,750.75,83,29.02,0.17,30,4.93,-,-9.57,13.8,14.02,28,56.08,19.8,8.63,54.82,-,0,0.04,-,-,101,39.88,62.1,-,-,-
-,28-3-2014 17:42:06.255,-,-,-,-,-,-,7.86,0.23,6.47,0.06,14.5,18.04,-,1.18,-,-,-,-,-,0,63,0,19.22,49,19.22,19.22,742,83,29.41,0.17,30,4.79,-,-9.72,13.9,13.93,28,56.08,19.74,8.63,54.39,-,0,0.04,-,-,103,39.88,63.82,-,-,-
-,28-3-2014 17:42:08.161,-,-,-,-,-,-,7.86,0.23,6.47,0.06,14.5,18.04,-,1.18,-,-,-,-,-,0,63,0,18.82,49,19.61,18.82,761,83,29.02,0.17,30,4.93,-,-9.57,14,13.95,28,56.08,19.74,8.63,52.65,-,0,0.04,-,-,105,39.88,65.73,-,-,-
-,28-3-2014 17:42:09.926,-,-,-,-,-,-,7.86,0.23,6.47,0.06,14.5,18.04,-,1.2,-,-,-,-,-,0,63,0,19.22,49,19.22,19.22,752.25,83,29.02,0.17,30,4.79,-,-9.72,13.9,13.85,28,56.08,19.92,8.63,52.65,-,0,0.04,-,-,107,39.88,67.52,-,-,-
-,28-3-2014 17:42:11.773,-,-,-,-,-,-,7.86,0.23,6.47,0.06,14.5,18.04,-,1.19,-,-,-,-,-,0,63,0,18.82,49,19.22,18.82,755.5,83,28.63,0.17,30,4.79,-,-9.72,13.9,14.01,28,56.08,19.8,8.63,54.82,-,0,0.04,-,-,109,39.88,69.34,-,-,-
Fri Mar 28 17:46:41 KST 2014,28-3-2014 17:42:13.683,127.1096878,37.36325178,0,30,71,0,7.86,0.23,6.47,0.06,14.5,18.43,-,1.18,-,-,-,-,-,0,63,0,18.82,49,19.22,18.82,739.25,83,29.02,0.17,30,4.79,-,-9.72,13.9,13.88,28,56.08,19.61,8.63,54.39,-,0,0.04,-,-,111,39.88,71.27,-,-,-
Fri Mar 28 17:46:42 KST 2014,28-3-2014 17:42:15.466,127.1096878,37.36325178,0,30,71,0,7.86,0.23,6.47,0.06,14.5,18.43,-,1.18,37.36,127.11,71,-,0,0,63,0,19.22,49,19.22,19.22,742.5,83,29.41,0.17,30,4.93,-,-9.57,13.9,13.88,28,56.08,19.74,8.63,54.39,0,0,0.04,-,-,112,39.88,73.04,-,-,-
Fri Mar 28 17:46:43 KST 2014,28-3-2014 17:42:17.303,127.1096878,37.36325178,0,45,71,0,7.86,0.23,6.47,0.06,14.5,18.04,-,1.2,37.36,127.11,71,-,0,0,63,0,19.22,49,19.22,19.22,753.5,83,29.41,0.17,30,4.79,-,-9.72,14,13.95,28,56.08,19.98,8.63,54.39,0,0,0.04,-,-,114,39.88,74.8,-,-,-
Fri Mar 28 17:46:43 KST 2014,28-3-2014 17:42:19.106,127.1096878,37.36325178,0,45,71,0,7.86,0.23,6.47,0.06,14.5,18.43,-,1.2,37.36,127.11,71,-,0,0,63,0,19.22,49,19.22,19.22,753,83,29.41,0.17,30,4.93,-,-9.57,14,13.95,28,56.08,19.92,8.63,54.39,0,0,0.05,-,-,116,39.88,76.67,-,-,-
Fri Mar 28 17:46:43 KST 2014,28-3-2014 17:42:21.041,127.1096878,37.36325178,0,45,71,0,7.86,0.23,6.47,0.06,14.5,18.43,-,1.19,37.36,127.11,71,-,0,0,63,0,19.22,49,19.61,19.22,751,83,29.41,0.17,30,4.79,-,-9.72,14,13.98,28,56.08,19.86,8.63,53.95,0,0,0.05,-,-,118,39.88,78.62,-,-,-
Fri Mar 28 17:46:43 KST 2014,28-3-2014 17:42:22.820,127.1096878,37.36325178,0,45,71,0,7.86,0.23,6.47,0.06,14.5,18.43,-,1.2,37.36,127.11,71,-,0,0,63,0,19.22,49,19.22,19.22,749.75,83,29.02,0.17,30,4.79,-,-9.72,14,14.03,28,56.08,19.92,8.63,53.52,0,0,0.05,-,-,120,39.88,80.41,-,-,-
Fri Mar 28 17:46:51 KST 2014,28-3-2014 17:42:24.667,127.1096162,37.36344304,0,25,71,0,7.86,0.23,6.47,0.06,14.5,18.43,-,1.2,37.36,127.11,71,-,0,0,63,0,19.22,49,19.61,19.22,744.25,83,29.41,0.17,30,4.93,-,-9.57,14.1,13.95,28,56.08,19.98,8.63,54.39,-,0,0.05,-,-,122,39.88,82.23,-,-,-
Fri Mar 28 17:46:53 KST 2014,28-3-2014 17:42:26.526,127.1096162,37.36344304,0,35,71,0,7.86,0.23,6.47,0.06,14.5,18.04,-,1.19,37.36,127.11,71,-,0,0,63,0,19.22,49,19.22,19.22,754.75,83,29.41,0.17,30,4.79,-,-9.72,14,13.99,28,56.08,19.86,8.63,53.52,0,0,0.05,-,-,124,39.88,84.56,-,-,-
Fri Mar 28 17:46:54 KST 2014,28-3-2014 17:42:28.388,127.1096162,37.36344304,0,50,71,0,7.86,0.23,6.47,0.06,14.5,18.43,-,1.2,37.36,127.11,71,-,0,0,64,0,19.22,49,19.61,19.22,756.25,83,29.8,0.17,30,4.79,-,-9.72,14,13.96,28,56.08,19.98,8.63,54.39,0,0,0.05,-,-,125,39.88,85.91,-,-,-
Fri Mar 28 17:46:54 KST 2014,28-3-2014 17:42:30.169,127.1096162,37.36344304,0,50,71,0,7.86,0.23,6.47,0.06,14.5,18.43,-,1.2,37.36,127.11,71,-,0,0,64,0,19.22,49,19.22,19.22,751,83,29.8,0.17,30,4.79,-,-9.72,14,14.04,28,56.08,19.98,8.63,53.52,0,0,0.05,-,-,127,39.88,87.73,-,-,-
Fri Mar 28 17:46:54 KST 2014,28-3-2014 17:42:32.000,127.1096162,37.36344304,0,50,71,0,7.86,0.23,6.47,0.06,14.5,18.43,-,1.2,37.36,127.11,71,-,0,0,64,0,19.22,49,19.22,19.22,755.25,83,29.41,0.17,30,4.79,-,-9.72,14,14,28,56.08,19.98,8.63,53.95,0,0,0.05,-,-,129,39.88,89.6,-,-,-
Fri Mar 28 17:46:54 KST 2014,28-3-2014 17:42:33.921,127.1096162,37.36344304,0,50,71,0,7.86,0.23,6.47,0.06,14.5,18.43,-,1.2,37.36,127.11,71,-,0,0,64,0,19.22,49,19.61,19.22,756,83,29.41,0.17,30,4.79,-,-9.72,14,13.98,28,56.08,19.98,8.63,53.95,0,0,0.05,-,-,131,39.88,91.4,-,-,-
Fri Mar 28 17:47:02 KST 2014,28-3-2014 17:42:35.729,127.1096162,37.36344304,0,30,71,0,7.86,0.23,6.47,0.06,14.5,18.43,-,1.2,37.36,127.11,71,-,0,0,64,0,19.22,49,19.22,19.22,746,83,29.41,0.17,30,4.93,-,-9.57,14,13.87,28,56.08,19.98,8.63,54.39,-,0,0.05,-,-,133,39.88,93.33,-,-,-
Fri Mar 28 17:47:04 KST 2014,28-3-2014 17:42:37.528,127.1096162,37.36344304,0,30,71,0,7.86,0.23,6.47,0.06,14.5,18.43,-,1.2,37.36,127.11,71,-,0,0,64,0,19.22,49,19.22,19.22,754,83,29.02,0.17,30,4.93,-,-9.57,14,13.97,28,56.08,19.98,8.63,54.39,0,0,0.05,-,-,135,39.88,95.52,-,-,-
Fri Mar 28 17:47:05 KST 2014,28-3-2014 17:42:39.324,127.1096162,37.36344304,0,50,71,0,7.86,0.23,6.47,0.06,14.5,18.04,-,1.18,37.36,127.11,71,-,0,0,64,0,19.22,49,19.22,19.22,753.5,83,28.63,0.17,30,4.93,-,-9.57,13.9,13.9,28,56.08,19.74,8.63,54.82,0,0,0.05,-,-,136,39.88,96.94,-,-,-
Fri Mar 28 17:47:05 KST 2014,28-3-2014 17:42:41.149,127.1096162,37.36344304,0,50,71,0,7.86,0.23,6.47,0.06,14.5,18.43,-,1.18,37.36,127.11,71,-,0,0,64,0,19.22,49,19.22,19.22,749.75,83,29.41,0.17,30,4.79,-,-9.72,13.9,14,28,56.08,19.67,8.63,53.95,0,0,0.05,-,-,138,39.88,98.75,-,-,-
Fri Mar 28 17:47:05 KST 2014,28-3-2014 17:42:42.942,127.1096162,37.36344304,0,50,71,0,7.86,0.23,6.47,0.06,14.5,18.04,-,1.19,37.36,127.11,71,-,0,0,64,0,19.22,49,19.22,18.82,741,83,29.02,0.17,30,4.79,-,-9.72,14,13.95,28,56.08,19.8,8.63,53.95,0,0,0.05,-,-,140,39.88,100.48,-,-,-
Fri Mar 28 17:47:05 KST 2014,28-3-2014 17:42:44.797,127.1096162,37.36344304,0,50,71,0,7.86,0.23,6.47,0.06,14.5,17.65,-,1.16,37.36,127.11,71,-,0,0,64,0,18.82,49,19.22,18.82,745,83,28.63,0.17,31,4.79,-,-9.72,14,14.03,28,56.08,19.37,8.63,54.39,0,0,0.05,-,-,142,39.88,102.33,-,-,-
Fri Mar 28 17:47:13 KST 2014,28-3-2014 17:42:46.617,127.1096162,37.36344304,0,30,71,0,7.86,0.23,6.47,0.06,14.5,18.43,-,1.17,37.36,127.11,71,-,0,0,64,0,19.22,50,19.22,18.82,748.25,83,29.02,0.17,31,4.79,-,-9.72,14,14.04,28,56.08,19.43,8.63,52.65,-,0,0.05,-,-,144,39.88,104.16,-,-,-
Fri Mar 28 17:47:15 KST 2014,28-3-2014 17:42:48.488,127.1096162,37.36344304,0,30,71,0,7.86,0.23,6.47,0.06,14.5,32.55,-,1.19,37.36,127.11,71,-,0,0,64,0,27.84,50,27.06,25.88,746.75,83,30.98,0.17,31,4.93,-,-9.57,14,13.96,28,56.08,19.8,17.25,54.82,0,0,0.06,-,-,146,39.88,106.54,-,-,-
Fri Mar 28 17:47:16 KST 2014,28-3-2014 17:42:50.351,127.1096162,37.36344304,0,50,71,0,7.86,0.23,6.47,0.06,14.5,36.08,6.83,4.63,37.36,127.11,71,9.16,0,0,65,0,31.37,50,27.84,30.59,1608,83,48.63,0.17,30,9.14,40.57,-5.37,13.9,14.02,28,57.65,77.23,20.78,41.34,0,9,0.06,-,-,147,40.57,107.27,-,-,-
Fri Mar 28 17:47:16 KST 2014,28-3-2014 17:42:52.227,127.1096162,37.36344304,0,50,71,0,7.86,0.23,6.47,0.06,14.5,41.96,11.79,6.9,37.36,127.11,71,15.8,0,1.17,65,0,32.94,50,27.84,32.94,2266.5,83,47.84,0.17,30,9.28,49.65,-5.22,14,13.95,28,59.61,115,22.75,42.64,0,17,0.06,-,-,149,42.4,107.27,-,-,-
Fri Mar 28 17:47:16 KST 2014,28-3-2014 17:42:54.044,127.1096162,37.36344304,0,50,71,0,7.86,0.23,6.47,0.06,14.5,42.35,14.04,6.91,37.36,127.11,71,18.82,0,2.21,65,0,32.55,50,27.84,32.55,2114.5,83,50.2,0.18,29,10.01,63.39,-4.5,13.9,13.94,28,59.61,115.24,22.35,45.69,0,24,0.06,-,-,151,44.29,107.27,-,-,-
Fri Mar 28 17:47:16 KST 2014,28-3-2014 17:42:55.803,127.1096162,37.36344304,0,50,71,0,7.86,0.23,6.47,0.06,14.5,45.49,13.23,7.93,37.36,127.11,71,17.74,0,2.72,65,0,34.51,50,29.8,34.51,1988.75,83,61.57,0.2,29,11.6,63.52,-2.9,14,13.93,28,58.43,132.12,24.31,45.69,0,29,0.07,-,-,153,45.99,107.27,-,-,-
Fri Mar 28 17:47:24 KST 2014,28-3-2014 17:42:57.728,127.110048,37.36347172,0,30,71,0,7.86,0.23,6.47,0.06,14.5,48.24,15.11,7.89,37.36,127.11,71,20.26,0,3.31,65,0,34.9,51,29.8,34.51,1902.75,83,63.14,0.21,29,11.75,75.82,-2.76,14,13.97,28,58.43,131.45,24.71,43.51,-,34,0.07,-,-,155,47.84,107.27,-,-,-
Fri Mar 28 17:47:26 KST 2014,28-3-2014 17:42:59.529,127.110048,37.36347172,0,30,71,0,7.86,0.23,6.47,0.06,14.5,63.53,12.75,9.69,37.36,127.11,71,17.1,0,3.16,66,0,37.25,50,30.98,38.82,1653.75,82,92.16,0.23,29,13.78,73.63,-0.73,14,13.96,28,58.82,161.47,26.67,44.82,0,38,0.08,-,-,157,50.14,107.27,-,-,-
Fri Mar 28 17:47:27 KST 2014,28-3-2014 17:43:01.315,127.110048,37.36347172,0,50,71,0,7.86,0.23,6.47,0.06,14.5,65.49,15.34,9.32,37.36,127.11,71,20.57,0,3.67,66,0,37.65,50,30.98,37.65,1625.75,82,91.37,0.25,29,13.2,90.09,-1.31,14,13.99,28,58.43,155.26,27.45,42.64,0,42,0.08,-,-,158,51.52,107.27,-,-,-
Fri Mar 28 17:47:27 KST 2014,28-3-2014 17:43:03.231,127.110048,37.36347172,0,50,71,0,7.86,0.23,6.47,0.06,14.5,60.78,15.95,9.42,37.36,127.11,71,21.39,0,4.01,66,0,38.04,50,30.59,37.65,1742,82,84.31,0.27,28,13.49,87.45,-1.02,14,13.99,28,57.65,156.97,27.45,43.08,0,46,0.09,-,-,160,53.39,107.27,-,-,-
Fri Mar 28 17:47:27 KST 2014,28-3-2014 17:43:05.041,127.110048,37.36347172,0,50,71,0,7.86,0.23,6.47,0.06,14.5,56.86,8.15,9.08,37.36,127.11,71,10.93,0,4.56,66,0,38.04,50,30.2,38.04,1811.75,82,79.22,0.3,28,13.63,42.97,-0.87,14,13.97,28,57.25,151.36,27.84,41.34,0,48,0.09,-,-,162,55.26,107.27,-,-,-
Fri Mar 28 17:47:27 KST 2014,28-3-2014 17:43:06.841,127.110048,37.36347172,0,50,71,0,7.86,0.23,6.47,0.06,14.5,50.98,4.26,7.89,37.36,127.11,71,5.72,0,5.48,66,0,36.08,50,29.02,36.08,1836.75,81,70.98,0.32,28,12.91,22.17,-1.6,13.9,13.98,28,57.65,131.45,25.88,42.64,0,49,0.1,-,-,164,57.07,107.27,-,-,-
Fri Mar 28 17:47:27 KST 2014,28-3-2014 17:43:08.706,127.110048,37.36347172,0,50,71,0,7.86,0.23,6.47,0.06,14.5,18.43,4.26,1.28,37.36,127.11,71,5.72,0,34.57,66,0,22.75,50,23.53,20.39,1760.5,81,12.55,0.35,28,4.5,22.17,-10.01,14,13.98,28,57.65,21.26,12.16,44.38,0,48,0.1,-,-,166,58.93,107.27,-,-,-
Fri Mar 28 17:47:27 KST 2014,28-3-2014 17:43:10.611,127.110048,37.36347172,0,50,71,0,7.86,0.23,6.47,0.06,14.5,42.35,-,7.16,37.36,127.11,71,-,0,6.03,67,0,33.33,51,28.63,33.33,1864.25,81,56.08,0.37,28,11.31,-,-3.19,13.9,13.98,28,56.47,119.39,23.14,41.34,0,44,0.1,-,-,168,60.76,107.27,-,-,-
Fri Mar 28 17:47:27 KST 2014,28-3-2014 17:43:12.593,127.110048,37.36347172,0,50,71,0,7.86,0.23,6.47,0.06,14.5,45.88,-,6.98,37.36,127.11,71,-,0,5.67,67,0,33.73,51,28.63,33.73,1717,81,62.35,0.4,28,11.75,-,-2.76,14,13.99,28,55.69,116.4,23.53,44.38,0,43,0.1,-,-,170,62.78,107.27,-,-,-
Fri Mar 28 17:47:27 KST 2014,28-3-2014 17:43:14.394,127.110048,37.36347172,0,50,71,0,7.86,0.23,6.47,0.06,14.5,46.27,-,6.81,37.36,127.11,71,-,0,5.68,67,0,34.12,51,28.63,34.12,1666.25,81,63.53,0.42,28,12.33,-,-2.18,14,13.95,28,57.25,113.54,23.92,44.38,0,43,0.11,-,-,171,64.58,107.27,-,-,-
Fri Mar 28 17:47:27 KST 2014,28-3-2014 17:43:16.349,127.110048,37.36347172,0,50,71,0,7.86,0.23,6.47,0.06,14.5,47.45,-,6.74,37.36,127.11,71,-,0,5.74,67,0,34.12,51,28.24,34.12,1635,81,64.31,0.44,28,12.33,-,-2.18,14,13.99,28,58.43,112.38,23.92,42.64,0,43,0.11,-,-,173,66.47,107.27,-,-,-
Fri Mar 28 17:47:27 KST 2014,28-3-2014 17:43:18.169,127.110048,37.36347172,0,50,71,0,7.86,0.23,6.47,0.06,14.5,7.84,-,6.74,37.36,127.11,71,-,0,5.74,67,0,18.43,51,19.61,20.78,1609,81,32.55,0.46,28,11.02,-,-3.48,14,14,28,57.25,112.38,7.84,43.95,0,43,0.11,-,-,175,68.38,107.27,-,-,-
Fri Mar 28 17:47:27 KST 2014,28-3-2014 17:43:20.045,127.110048,37.36347172,0,50,71,0,7.86,0.23,6.47,0.06,14.5,10.98,-,1.4,37.36,127.11,71,-,0,27.65,67,0,19.61,51,19.61,20,1426.75,81,15.69,0.48,28,3.05,-,-11.46,14,13.98,28,56.08,23.33,9.41,44.82,0,38,0.11,-,-,177,70.22,107.27,-,-,-
Fri Mar 28 17:47:27 KST 2014,28-3-2014 17:43:21.915,127.110048,37.36347172,0,50,71,0,7.86,0.23,6.47,0.06,14.5,10.98,-,1.06,37.36,127.11,71,-,0,32.27,67,0,18.04,51,19.61,18.04,1129,81,16.08,0.5,28,2.76,-,-11.75,13.9,13.96,28,55.29,17.66,7.84,45.25,0,32,0.11,-,-,179,72.05,107.27,-,-,-
Fri Mar 28 17:47:27 KST 2014,28-3-2014 17:43:23.731,127.110048,37.36347172,0,50,71,0,7.86,0.23,6.47,0.06,14.5,11.37,-,0.99,37.36,127.11,71,-,0,28.97,67,0,18.04,51,19.61,18.04,1007.5,81,16.86,0.52,29,3.19,-,-11.31,13.9,13.96,28,54.12,16.57,7.84,42.64,0,27,0.11,-,-,181,73.92,107.27,-,-,-
Fri Mar 28 17:47:27 KST 2014,28-3-2014 17:43:25.535,127.110048,37.36347172,0,50,71,0,7.86,0.23,6.47,0.06,14.5,9.02,-,2.8,37.36,127.11,71,-,0,8.67,68,0,18.04,51,19.61,22.35,1310.75,82,35.29,0.53,29,6.24,-,-8.27,13.9,13.99,28,54.51,46.72,7.45,44.38,0,23,0.11,-,-,183,75.75,107.27,-,-,-
Fri Mar 28 17:47:27 KST 2014,28-3-2014 17:43:27.374,127.110048,37.36347172,0,50,71,0,7.86,0.23,6.47,0.06,14.5,14.9,-,1.15,37.36,127.11,71,-,0,17.98,68,0,19.22,51,19.22,19.22,966.5,82,35.29,0.54,29,3.48,-,-11.02,13.9,13.97,28,54.9,19.19,9.02,43.51,0,20,0.12,-,-,184,77.61,107.27,-,-,-
Fri Mar 28 17:47:27 KST 2014,28-3-2014 17:43:29.219,127.110048,37.36347172,0,50,71,0,7.86,0.23,6.47,0.06,14.5,15.69,-,1.19,37.36,127.11,71,-,0,15.11,68,0,19.22,51,19.61,19.22,931.75,82,22.35,0.55,29,3.92,-,-10.59,13.9,13.99,28,54.51,19.86,9.02,43.08,0,15,0.12,-,-,186,79.39,107.27,-,-,-
Fri Mar 28 17:47:27 KST 2014,28-3-2014 17:43:31.010,127.110048,37.36347172,0,50,71,0,7.86,0.23,6.47,0.06,14.5,18.43,-,1.45,37.36,127.11,71,-,0,9.33,68,0,20.39,51,19.61,20.39,923.75,82,27.84,0.56,29,4.5,-,-10.01,14,13.97,28,54.9,24.12,9.8,43.95,0,11,0.12,-,-,188,81.2,107.27,-,-,-
Fri Mar 28 17:47:27 KST 2014,28-3-2014 17:43:32.949,127.110048,37.36347172,0,50,71,0,7.86,0.23,6.47,0.06,14.5,18.82,-,1.48,37.36,127.11,71,-,0,6.67,68,0,20.39,51,19.61,20.39,925.75,82,28.63,0.56,29,4.79,-,-9.72,13.9,13.99,28,55.69,24.73,10.2,43.95,0,8,0.12,-,-,190,83.01,107.27,-,-,-
Fri Mar 28 17:47:27 KST 2014,28-3-2014 17:43:34.749,127.110048,37.36347172,0,50,71,0,7.86,0.23,6.47,0.06,14.5,17.65,-,1.21,37.36,127.11,71,-,0,5.97,68,0,19.22,51,19.22,19.22,811,82,27.06,0.56,29,4.64,-,-9.86,13.9,13.96,28,56.08,20.1,8.63,43.51,0,5,0.12,-,-,192,84.96,107.27,-,-,-
Fri Mar 28 17:47:27 KST 2014,28-3-2014 17:43:36.666,127.110048,37.36347172,0,50,71,0,7.86,0.23,6.47,0.06,14.5,38.82,-,1.21,37.36,127.11,71,-,0,3.71,68,0,31.37,51,29.41,29.8,790.5,82,100,0.57,29,4.79,-,-9.72,14,14.02,28,56.86,20.22,20.78,43.51,0,4,0.12,-,-,194,86.82,107.27,-,-,-
Fri Mar 28 17:47:27 KST 2014,28-3-2014 17:43:38.492,127.110048,37.36347172,0,50,71,0,7.86,0.23,6.47,0.06,14.5,33.33,6.62,2.69,37.36,127.11,71,8.88,0,1.34,68,0,30.59,51,27.45,28.24,1568,82,27.45,0.57,29,6.82,40.33,-7.69,14,13.98,28,57.65,44.89,20.39,44.38,0,11,0.12,-,-,195,88.67,107.27,-,-,-
Fri Mar 28 17:47:27 KST 2014,28-3-2014 17:43:40.365,127.110048,37.36347172,0,50,71,0,7.86,0.23,6.47,0.06,14.5,39.61,7.14,5.9,37.36,127.11,71,9.58,0,1.68,68,0,31.76,51,27.45,31.76,2079.75,82,43.14,0.58,28,8.99,32.81,-5.51,13.9,14.01,28,58.82,98.31,21.18,42.64,0,16,0.12,-,-,197,90.51,107.27,-,-,-
Fri Mar 28 17:47:27 KST 2014,28-3-2014 17:43:42.225,127.110048,37.36347172,0,50,71,0,7.86,0.23,6.47,0.06,14.5,9.41,6.93,4.25,37.36,127.11,71,9.29,0,3.39,68,0,19.61,52,21.18,18.04,1797.25,82,27.06,0.59,28,9.14,36.8,-5.37,14,13.99,28,59.61,70.84,9.02,42.64,0,20,0.13,-,-,199,92.45,107.27,-,-,-
Fri Mar 28 17:47:27 KST 2014,28-3-2014 17:43:44.053,127.110048,37.36347172,0,50,71,0,7.86,0.23,6.47,0.06,14.5,31.37,1.76,5.21,37.36,127.11,71,2.36,0,3.46,69,0,30.98,52,25.49,30.59,1848.25,82,43.14,0.6,28,8.99,9.1,-5.51,13.9,13.98,28,58.04,86.8,20.39,44.38,0,21,0.13,-,-,201,94.26,107.27,-,-,-
Fri Mar 28 17:47:27 KST 2014,28-3-2014 17:43:45.902,127.110048,37.36347172,0,50,71,0,7.86,0.23,6.47,0.06,14.5,27.45,6.43,4.72,37.36,127.11,71,8.63,0,4,69,0,26.27,52,23.53,27.06,2051.5,82,26.67,0.61,28,8.85,29.95,-5.66,13.9,13.96,28,56.47,78.7,16.47,45.69,0,24,0.13,-,-,203,96.08,107.27,-,-,-
Fri Mar 28 17:47:27 KST 2014,28-3-2014 17:43:47.723,127.110048,37.36347172,0,50,71,0,7.86,0.23,6.47,0.06,14.5,40.39,2.11,3.16,37.36,127.11,71,2.83,0,6.83,69,0,30.98,52,25.88,25.88,1497.75,82,34.9,0.62,28,7.54,13.47,-6.96,14,13.97,28,56.08,52.69,19.22,43.95,0,25,0.13,-,-,205,97.94,107.27,-,-,-
Fri Mar 28 17:47:27 KST 2014,28-3-2014 17:43:49.525,127.110048,37.36347172,0,50,71,0,7.86,0.23,6.47,0.06,14.5,32.16,4.76,4.75,37.36,127.11,71,6.39,0,4.73,69,0,30.2,52,25.88,30.2,1690.75,82,44.31,0.63,28,9.14,26.91,-5.37,13.9,13.97,28,55.29,79.24,19.61,43.95,0,27,0.13,-,-,206,99.71,107.27,-,-,-
Fri Mar 28 17:47:27 KST 2014,28-3-2014 17:43:51.320,127.110048,37.36347172,0,50,71,0,7.86,0.23,6.47,0.06,14.5,45.1,5.39,5.62,37.36,127.11,71,7.22,0,4.32,69,0,33.33,52,28.24,33.33,1535.5,82,58.04,0.65,28,10.88,33.5,-3.63,14,13.99,28,55.69,93.68,23.14,42.21,0,29,0.14,-,-,208,101.57,107.27,-,-,-
Fri Mar 28 17:47:27 KST 2014,28-3-2014 17:43:53.062,127.110048,37.36347172,0,50,71,0,7.86,0.23,6.47,0.06,14.5,45.1,14.99,6.33,37.36,127.11,71,20.1,0,4.13,69,0,32.94,52,28.24,33.33,1677.25,82,59.61,0.66,28,11.46,85.35,-3.05,14,13.98,28,56.47,105.44,22.75,42.21,0,34,0.14,-,-,210,103.3,107.27,-,-,-
Fri Mar 28 17:47:27 KST 2014,28-3-2014 17:43:54.964,127.110048,37.36347172,0,50,71,0,7.86,0.23,6.47,0.06,14.5,48.63,6.78,6.39,37.36,127.11,71,9.09,0,4.79,69,0,34.9,52,28.24,34.9,1482,81,69.41,0.68,28,13.05,43.67,-1.45,14,13.98,28,56.86,106.47,24.31,42.64,0,36,0.14,-,-,212,105.1,107.27,-,-,-
Fri Mar 28 17:47:27 KST 2014,28-3-2014 17:43:56.880,127.110048,37.36347172,0,50,71,0,7.86,0.23,6.47,0.06,14.5,45.49,13.06,6.36,37.36,127.11,71,17.52,0,5.09,69,0,34.12,52,27.45,34.12,1551,81,64.71,0.7,28,12.47,80.42,-2.03,14,13.98,28,56.86,105.98,23.53,43.95,0,40,0.15,-,-,214,107,107.27,-,-,-
Fri Mar 28 17:47:27 KST 2014,28-3-2014 17:43:58.725,127.110048,37.36347172,0,50,71,0,7.86,0.23,6.47,0.06,14.5,43.92,10.77,6.3,37.36,127.11,71,14.44,0,5.72,70,0,32.94,52,27.45,33.33,1620.5,81,62.75,0.72,28,11.89,63.44,-2.61,14,13.95,28,57.25,104.95,22.75,42.64,0,43,0.15,-,-,216,108.9,107.27,-,-,-
Fri Mar 28 17:47:27 KST 2014,28-3-2014 17:44:00.648,127.110048,37.36347172,0,50,71,0,7.86,0.23,6.47,0.06,14.5,19.61,11.97,6.45,37.36,127.11,71,16.05,0,6,70,0,27.45,52,23.53,33.33,1713,81,59.22,0.75,28,11.6,66.7,-2.9,13.9,13.99,28,56.86,107.51,20,43.51,0,46,0.15,-,-,218,110.76,107.27,-,-,-
Fri Mar 28 17:47:27 KST 2014,28-3-2014 17:44:02.527,127.110048,37.36347172,0,50,71,0,7.86,0.23,6.47,0.06,14.5,10.98,11.97,1.38,37.36,127.11,71,16.05,0,29.97,70,0,18.43,52,19.61,18.82,1302,81,16.86,0.77,28,3.05,66.7,-11.46,14,13.96,27,56.86,23.02,7.84,44.38,0,45,0.15,-,-,220,112.74,107.27,-,-,-
Fri Mar 28 17:47:27 KST 2014,28-3-2014 17:44:04.367,127.110048,37.36347172,0,50,71,0,7.86,0.23,6.47,0.06,14.5,10.98,-,1.07,37.36,127.11,71,-,0,37.82,70,0,20.39,52,19.61,19.22,1125,81,15.69,0.79,28,3.19,-,-11.31,13.9,13.99,27,54.12,17.85,9.8,45.25,0,43,0.15,-,-,221,114.5,107.27,-,-,-
Fri Mar 28 17:47:27 KST 2014,28-3-2014 17:44:06.170,127.110048,37.36347172,0,50,71,0,7.86,0.23,6.47,0.06,14.5,9.02,-,5,37.36,127.11,71,-,0,7.75,70,0,20,52,19.61,30.2,1638,81,47.84,0.81,28,8.99,-,-5.51,14,13.97,27,53.33,83.27,12.16,41.34,0,41,0.16,-,-,223,116.38,107.27,-,-,-
Fri Mar 28 17:47:27 KST 2014,28-3-2014 17:44:08.037,127.110048,37.36347172,0,50,71,0,7.86,0.23,6.47,0.06,14.5,11.37,-,1.4,37.36,127.11,71,-,0,26.36,70,0,20,52,19.61,20,1475,81,15.29,0.83,28,2.9,-,-11.6,14,13.95,27,54.9,23.33,9.8,44.82,0,40,0.16,-,-,225,118.22,107.27,-,-,-
Fri Mar 28 17:47:27 KST 2014,28-3-2014 17:44:09.817,127.110048,37.36347172,0,50,71,0,7.86,0.23,6.47,0.06,14.5,10.59,-,1.14,37.36,127.11,71,-,0,31.57,70,0,18.04,53,19.61,18.43,1250.5,81,14.51,0.85,28,2.9,-,-11.6,13.9,13.98,27,54.51,19,7.84,44.82,0,34,0.16,-,-,227,120.01,107.27,-,-,-
Fri Mar 28 17:47:27 KST 2014,28-3-2014 17:44:11.643,127.110048,37.36347172,0,50,71,0,7.86,0.23,6.47,0.06,14.5,16.47,-,1.02,37.36,127.11,71,-,0,30.12,70,0,19.22,52,19.61,18.82,947,81,20.78,0.87,29,3.05,-,-11.46,13.9,13.94,27,49.02,16.93,9.02,43.51,0,22,0.16,-,-,229,121.85,107.27,-,-,-
Fri Mar 28 17:47:27 KST 2014,28-3-2014 17:44:13.348,127.110048,37.36347172,0,50,71,0,7.86,0.23,6.47,0.06,14.5,18.04,-,1.32,37.36,127.11,71,-,0,14.97,70,0,20,52,19.61,20,932.25,81,26.27,0.88,29,3.92,-,-10.59,14,13.97,27,49.8,22.05,9.8,43.51,0,13,0.16,-,-,230,123.6,107.27,-,-,-
Fri Mar 28 17:47:27 KST 2014,28-3-2014 17:44:15.050,127.110048,37.36347172,0,50,71,0,7.86,0.23,6.47,0.06,14.5,26.67,-,2.01,37.36,127.11,71,-,0,5.81,70,0,27.45,52,25.1,25.1,1003.5,81,44.71,0.88,29,4.64,-,-9.86,14,14,27,52.94,33.56,17.25,42.64,0,11,0.16,-,-,232,125.3,107.27,-,-,-
Fri Mar 28 17:47:27 KST 2014,28-3-2014 17:44:16.943,127.110048,37.36347172,0,50,71,0,7.86,0.23,6.47,0.06,14.5,27.06,3.82,4.27,37.36,127.11,71,5.12,0,2.32,70,0,29.41,53,24.71,29.02,1889,81,35.69,0.89,28,7.69,19.31,-6.82,13.9,14.04,27,56.47,71.14,19.22,43.51,0,14,0.16,-,-,234,127.12,107.27,-,-,-
Fri Mar 28 17:47:27 KST 2014,28-3-2014 17:44:18.721,127.110048,37.36347172,0,50,71,0,7.86,0.23,6.47,0.06,14.5,25.88,2.77,3.48,37.36,127.11,71,3.72,0,3.63,71,0,26.67,53,23.92,26.67,1521.5,81,36.47,0.9,28,7.83,17.41,-6.67,13.9,14.02,27,58.82,57.93,16.47,43.95,0,16,0.16,-,-,236,128.9,107.27,-,-,-
Fri Mar 28 17:47:27 KST 2014,28-3-2014 17:44:20.550,127.110048,37.36347172,0,50,71,0,7.86,0.23,6.47,0.06,14.5,10.98,1.57,1.32,37.36,127.11,71,2.1,0,10.88,71,0,19.22,53,19.22,19.61,1387.25,82,15.69,0.9,28,3.34,10.78,-11.17,14,13.96,27,60.39,22.05,9.02,43.95,0,17,0.17,-,-,238,130.76,107.27,-,-,-
Fri Mar 28 17:47:27 KST 2014,28-3-2014 17:44:22.314,127.110048,37.36347172,0,50,71,0,7.86,0.23,6.47,0.06,14.5,12.55,1.57,1.06,37.36,127.11,71,2.1,0,14.49,71,0,18.82,53,19.22,18.43,1129.25,81,16.08,0.91,28,3.19,10.78,-11.31,14,13.96,27,55.69,17.6,8.63,43.95,0,14,0.17,-,-,239,132.53,107.27,-,-,-
Fri Mar 28 17:47:27 KST 2014,28-3-2014 17:44:24.164,127.110048,37.36347172,0,50,71,0,7.86,0.23,6.47,0.06,14.5,17.65,-,1.36,37.36,127.11,71,-,0,9.24,71,0,20,53,19.61,20,941.25,82,26.27,0.92,28,4.06,-,-10.44,14,13.92,27,50.2,22.72,9.8,43.51,0,11,0.17,-,-,241,134.33,107.27,-,-,-
Fri Mar 28 17:47:27 KST 2014,28-3-2014 17:44:26.047,127.110048,37.36347172,0,50,71,0,7.86,0.23,6.47,0.06,14.5,24.71,2.18,3.66,37.36,127.11,71,2.92,0,2.7,71,0,27.84,53,24.71,27.45,1679.25,82,34.12,0.92,28,7.4,12.37,-7.11,14,13.97,27,51.76,61.03,17.65,43.08,0,13,0.17,-,-,243,136.25,107.27,-,-,-
Fri Mar 28 17:47:27 KST 2014,28-3-2014 17:44:27.800,127.110048,37.36347172,0,50,71,0,7.86,0.23,6.47,0.06,14.5,12.16,4.29,1.33,37.36,127.11,71,5.75,0,8.77,71,0,20,53,19.61,19.61,1652,82,12.94,0.93,28,3.63,24.78,-10.88,13.9,13.96,27,56.08,22.23,9.41,43.95,0,16,0.17,-,-,245,137.99,107.27,-,-,-
Fri Mar 28 17:47:27 KST 2014,28-3-2014 17:44:29.653,127.110048,37.36347172,0,50,71,0,7.86,0.23,6.47,0.06,14.5,12.16,4.29,1.21,37.36,127.11,71,5.75,0,11.87,71,0,18.82,53,19.22,18.82,1200.25,82,16.86,0.94,28,3.19,24.78,-11.31,14,13.93,27,55.29,20.22,8.63,42.64,0,15,0.17,-,-,247,139.85,107.27,-,-,-
Fri Mar 28 17:47:27 KST 2014,28-3-2014 17:44:31.538,127.110048,37.36347172,0,50,71,0,7.86,0.23,6.47,0.06,14.5,20.78,-,1.51,37.36,127.11,71,-,0,8.97,71,0,20.39,53,19.61,20.39,934.5,81,29.02,0.95,28,4.5,-,-10.01,13.9,13.93,27,49.41,25.1,10.2,43.95,0,7,0.17,-,-,249,141.74,107.27,-,-,-
Fri Mar 28 17:47:27 KST 2014,28-3-2014 17:44:33.418,127.110048,37.36347172,0,50,71,0,7.86,0.23,6.47,0.06,14.5,20,-,1.34,37.36,127.11,71,-,0,4.71,71,0,19.61,53,19.22,19.61,802.75,81,30.59,0.95,28,4.79,-,-9.72,13.9,13.88,27,45.88,22.29,9.41,52.65,0,0,0.17,-,-,250,142.94,107.91,-,-,-
Fri Mar 28 17:47:27 KST 2014,28-3-2014 17:44:35.305,127.110048,37.36347172,0,50,71,0,7.86,0.23,6.47,0.06,14.5,18.82,-,1.29,37.36,127.11,71,-,0,0,71,0,19.22,53,19.61,19.22,774.25,81,30.59,0.95,29,4.79,-,-9.72,14,14,27,49.41,21.44,9.02,51.78,0,0,0.17,-,-,252,142.94,109.83,-,-,-
Fri Mar 28 17:47:27 KST 2014,28-3-2014 17:44:36.939,127.110048,37.36347172,0,50,71,0,7.86,0.23,6.47,0.06,14.5,18.82,-,1.24,37.36,127.11,71,-,0,0,71,0,19.22,53,19.61,19.22,748.25,81,30.59,0.95,29,4.64,-,-9.86,13.9,13.94,27,53.33,20.65,9.02,52.65,0,0,0.17,-,-,254,142.94,111.64,-,-,-
Fri Mar 28 17:47:27 KST 2014,28-3-2014 17:44:38.673,127.110048,37.36347172,0,50,71,0,7.86,0.23,6.47,0.06,14.5,18.82,-,1.24,37.36,127.11,71,-,0,0,71,0,19.22,53,19.61,19.22,751.75,81,30.2,0.95,29,4.64,-,-9.86,13.9,14.01,27,54.51,20.65,9.02,51.78,0,0,0.17,-,-,256,142.94,113.2,-,-,-
Fri Mar 28 17:47:27 KST 2014,28-3-2014 17:44:40.572,127.110048,37.36347172,0,50,71,0,7.86,0.23,6.47,0.06,14.5,18.43,0.37,1.25,37.36,127.11,71,0.49,0,0,71,0,19.22,53,19.22,19.22,742.5,81,30.98,0.95,29,4.79,4.7,-9.72,13.9,14.01,27,56.47,20.77,8.63,51.78,0,2,0.17,-,-,257,143.54,114.41,-,-,-
Fri Mar 28 17:47:27 KST 2014,28-3-2014 17:44:42.422,127.110048,37.36347172,0,50,71,0,7.86,0.23,6.47,0.06,14.5,18.43,0.37,1.22,37.36,127.11,71,0.49,0,1.48,71,0,19.22,53,19.22,19.22,763,81,29.8,0.95,29,4.64,4.7,-9.86,14,13.98,27,56.08,20.28,8.63,60.05,0,0,0.17,-,-,259,144.81,115.06,-,-,-
Fri Mar 28 17:47:27 KST 2014,28-3-2014 17:44:44.259,127.110048,37.36347172,0,50,71,0,7.86,0.23,6.47,0.06,14.5,16.86,0.35,1.17,37.36,127.11,71,0.47,0,0,71,0,18.82,53,19.61,18.82,770,81,27.45,0.95,29,4.79,4.33,-9.72,14,13.95,27,55.69,19.43,8.24,50.04,0,2,0.17,-,-,261,145.42,116.27,-,-,-
Fri Mar 28 17:47:27 KST 2014,28-3-2014 17:44:46.090,127.110048,37.36347172,0,50,71,0,7.86,0.23,6.47,0.06,14.5,18.04,0.35,1.16,37.36,127.11,71,0.47,0,1.55,71,0,18.82,53,19.61,18.82,757.5,81,28.24,0.95,29,4.79,4.33,-9.72,13.9,13.96,27,54.51,19.37,8.63,52.65,0,0,0.18,-,-,263,146.66,116.88,-,-,-
Fri Mar 28 17:47:27 KST 2014,28-3-2014 17:44:47.960,127.110048,37.36347172,0,50,71,0,7.86,0.23,6.47,0.06,14.5,17.25,-,1.18,37.36,127.11,71,-,0,0,71,0,18.82,53,19.61,19.22,748.5,81,30.2,0.95,29,4.79,-,-9.72,14,13.93,27,54.12,19.61,8.63,59.18,0,0,0.18,-,-,265,146.66,118.68,-,-,-
Fri Mar 28 17:47:27 KST 2014,28-3-2014 17:44:49.966,127.110048,37.36347172,0,50,71,0,7.86,0.23,6.47,0.06,14.5,17.25,0.76,1.1,37.36,127.11,71,1.03,0,0,71,0,18.43,54,19.61,18.43,742.25,81,27.45,0.95,29,4.79,9.84,-9.72,13.9,13.97,27,56.08,18.33,8.24,42.21,0,3,0.18,-,-,267,147.4,119.99,-,-,-
Fri Mar 28 17:47:27 KST 2014,28-3-2014 17:44:51.801,127.110048,37.36347172,0,50,71,0,7.86,0.23,6.47,0.06,14.5,16.47,0.79,1.06,37.36,127.11,71,1.06,0,2.56,71,0,18.04,54,20,18.04,757.75,81,25.88,0.95,29,4.5,10,-10.01,13.9,13.99,27,54.9,17.6,7.84,43.08,0,5,0.18,-,-,269,149.26,119.99,-,-,-
Fri Mar 28 17:47:27 KST 2014,28-3-2014 17:44:53.559,127.110048,37.36347172,0,50,71,0,7.86,0.23,6.47,0.06,14.5,22.35,1.24,2.09,37.36,127.11,71,1.66,0,2.15,71,0,23.92,54,23.53,23.14,1053.25,81,34.12,0.95,29,6.67,11.24,-7.83,14,14,27,53.33,34.9,13.73,44.82,0,7,0.18,-,-,271,151.08,119.99,-,-,-
Fri Mar 28 17:47:27 KST 2014,28-3-2014 17:44:55.407,127.110048,37.36347172,0,50,71,0,7.86,0.23,6.47,0.06,14.5,9.8,5.48,2.62,37.36,127.11,71,7.35,0,2.4,72,0,20.78,54,21.18,24.71,1536.75,81,27.45,0.96,29,6.24,34.04,-8.27,14,14.03,27,55.69,43.67,13.33,43.95,0,12,0.18,-,-,272,152.91,119.99,-,-,-
Fri Mar 28 17:47:27 KST 2014,28-3-2014 17:44:57.168,127.110048,37.36347172,0,50,71,0,7.86,0.23,6.47,0.06,14.5,15.69,2.48,1.38,37.36,127.11,71,3.33,0,7.82,72,0,20.78,54,19.61,19.22,1329,81,17.25,0.96,29,3.05,17.82,-11.46,14,13.92,27,56.86,23.02,10.2,44.38,0,14,0.18,-,-,274,154.62,119.99,-,-,-
Fri Mar 28 17:47:27 KST 2014,28-3-2014 17:44:59.034,127.110048,37.36347172,0,50,71,0,7.86,0.23,6.47,0.06,14.5,14.9,2.48,1.15,37.36,127.11,71,3.33,0,10.91,72,0,19.22,54,19.61,19.22,1039.25,81,18.82,0.97,29,3.34,17.82,-11.17,14,13.99,27,55.69,19.25,9.02,42.21,0,14,0.18,-,-,276,156.51,119.99,-,-,-
Fri Mar 28 17:47:27 KST 2014,28-3-2014 17:45:00.970,127.110048,37.36347172,0,50,71,0,7.86,0.23,6.47,0.06,14.5,16.08,-,1.34,37.36,127.11,71,-,0,9.37,72,0,19.61,54,19.61,19.61,956,81,24.31,0.98,29,4.21,-,-10.3,13.9,14.01,27,54.12,22.42,9.41,43.95,0,13,0.18,-,-,278,158.34,119.99,-,-,-
Fri Mar 28 17:47:27 KST 2014,28-3-2014 17:45:02.851,127.110048,37.36347172,0,50,71,0,7.86,0.23,6.47,0.06,14.5,16.47,-,1.37,37.36,127.11,71,-,0,8.56,72,0,19.61,54,19.61,20,967,82,25.1,0.98,29,4.21,-,-10.3,14,14.01,27,54.12,22.78,9.41,44.38,0,13,0.18,-,-,280,160.27,119.99,-,-,-
Fri Mar 28 17:47:27 KST 2014,28-3-2014 17:45:04.567,127.110048,37.36347172,0,50,71,0,7.86,0.23,6.47,0.06,14.5,16.86,-,1.37,37.36,127.11,71,-,0,8.56,72,0,19.61,54,19.61,19.61,949.75,82,25.49,0.99,29,4.35,-,-10.15,14,14.01,27,53.73,22.78,9.41,43.95,0,12,0.18,-,-,282,162.06,119.99,-,-,-
Fri Mar 28 17:47:27 KST 2014,28-3-2014 17:45:06.422,127.110048,37.36347172,0,50,71,0,7.86,0.23,6.47,0.06,14.5,17.25,-,1.37,37.36,127.11,71,-,0,7.9,72,0,20,54,19.61,20,916.75,82,25.49,1,29,4.35,-,-10.15,14,14.04,27,54.12,22.78,9.41,44.38,0,12,0.18,-,-,283,163.83,119.99,-,-,-
Fri Mar 28 17:47:27 KST 2014,28-3-2014 17:45:08.163,127.110048,37.36347172,0,50,71,0,7.86,0.23,6.47,0.06,14.5,17.65,-,1.41,37.36,127.11,71,-,0,7.64,72,0,20,54,19.61,20,915,82,27.45,1,29,4.5,-,-10.01,14,13.95,27,54.51,23.57,9.8,43.08,0,11,0.18,-,-,285,165.66,119.99,-,-,-
Fri Mar 28 17:47:27 KST 2014,28-3-2014 17:45:09.942,127.110048,37.36347172,0,50,71,0,7.86,0.23,6.47,0.06,14.5,17.65,-,1.4,37.36,127.11,71,-,0,7.05,72,0,20,54,19.61,20,924,82,27.45,1.01,29,4.5,-,-10.01,13.9,13.87,27,54.12,23.39,9.8,43.51,0,11,0.19,-,-,287,167.41,119.99,-,-,-
Fri Mar 28 17:47:27 KST 2014,28-3-2014 17:45:11.748,127.110048,37.36347172,0,50,71,0,7.86,0.23,6.47,0.06,14.5,27.45,-,3.72,37.36,127.11,71,-,0,2.66,72,0,28.24,54,25.1,27.45,1589.25,82,37.25,1.01,29,8.12,-,-6.38,14,13.99,27,52.55,62.01,18.04,45.69,0,11,0.19,-,-,289,169.22,119.99,-,-,-
Fri Mar 28 17:47:27 KST 2014,28-3-2014 17:45:13.558,127.110048,37.36347172,0,50,71,0,7.86,0.23,6.47,0.06,14.5,10.98,3.65,1.27,37.36,127.11,71,4.9,0,7.78,72,0,18.43,54,19.22,18.43,1233,82,16.86,1.02,29,3.05,28.3,-11.46,13.9,13.96,27,53.33,21.2,7.84,44.82,0,14,0.19,-,-,291,171.05,119.99,-,-,-
Fri Mar 28 17:47:27 KST 2014,28-3-2014 17:45:15.444,127.110048,37.36347172,0,50,71,0,7.86,0.23,6.47,0.06,14.5,9.02,3.65,4.11,37.36,127.11,71,4.9,0,3.07,72,0,18.04,54,19.22,20,1305.25,82,37.25,1.03,29,7.11,28.3,-7.4,13.9,13.96,27,52.55,68.46,7.45,39.16,0,14,0.19,-,-,292,172.88,119.99,-,-,-
Fri Mar 28 17:47:27 KST 2014,28-3-2014 17:45:17.389,127.110048,37.36347172,0,50,71,0,7.86,0.23,6.47,0.06,14.5,12.16,1.27,1.12,37.36,127.11,71,1.71,0,11.27,72,0,18.82,54,19.22,18.82,1118.25,82,16.86,1.03,29,3.34,10.87,-11.17,14,13.96,27,51.37,18.64,8.24,44.82,0,15,0.19,-,-,294,174.76,119.99,-,-,-
Fri Mar 28 17:47:27 KST 2014,28-3-2014 17:45:19.167,127.110048,37.36347172,0,50,71,0,7.86,0.23,6.47,0.06,14.5,15.29,1.27,4.88,37.36,127.11,71,1.71,0,2.76,72,0,22.35,54,22.35,27.84,1283.5,82,59.22,1.04,29,7.4,10.87,-7.11,14,13.97,27,54.12,81.38,12.55,36.98,0,14,0.19,-,-,296,176.64,119.99,-,-,-
Fri Mar 28 17:47:27 KST 2014,28-3-2014 17:45:21.052,127.110048,37.36347172,0,50,71,0,7.86,0.23,6.47,0.06,14.5,10.98,4.56,1.18,37.36,127.11,71,6.11,0,10.71,72,0,19.22,54,19.61,19.22,1342.5,82,14.9,1.05,29,3.48,32.42,-11.02,14,13.98,27,57.25,19.61,9.02,44.38,0,17,0.19,-,-,298,178.51,119.99,-,-,-
Fri Mar 28 17:47:27 KST 2014,28-3-2014 17:45:22.964,127.110048,37.36347172,0,50,71,0,7.86,0.23,6.47,0.06,14.5,16.08,4.56,1.49,37.36,127.11,71,6.11,0,10.24,72,0,20,54,19.61,20,1014,82,24.71,1.06,29,3.77,32.42,-10.73,13.8,13.97,27,51.76,24.91,9.8,40.9,0,11,0.19,-,-,300,180.38,119.99,-,-,-
Fri Mar 28 17:47:27 KST 2014,28-3-2014 17:45:24.928,127.110048,37.36347172,0,50,71,0,7.86,0.23,6.47,0.06,14.5,17.65,-,1.43,37.36,127.11,71,-,0,6.95,72,0,20,55,19.61,20,906,82,24.71,1.06,29,4.5,-,-10.01,14,13.95,27,47.84,23.76,9.8,42.64,0,10,0.2,-,-,302,182.34,119.99,-,-,-
Fri Mar 28 17:47:27 KST 2014,28-3-2014 17:45:26.777,127.110048,37.36347172,0,50,71,0,7.86,0.23,6.47,0.06,14.5,18.04,-,1.39,37.36,127.11,71,-,0,6.48,73,0,20,55,19.61,20,907,82,27.06,1.07,29,4.5,-,-10.01,14,13.99,27,51.37,23.15,9.8,43.95,0,10,0.2,-,-,304,184.23,119.99,-,-,-
Fri Mar 28 17:47:27 KST 2014,28-3-2014 17:45:28.660,127.110048,37.36347172,0,50,71,0,7.86,0.23,6.47,0.06,14.5,18.82,-,1.45,37.36,127.11,71,-,0,6.19,73,0,20.39,55,19.61,20.39,906.25,82,29.02,1.07,29,4.64,-,-9.86,13.9,14.02,27,50.98,24.24,9.8,43.51,0,8,0.2,-,-,306,186.15,119.99,-,-,-
Fri Mar 28 17:47:27 KST 2014,28-3-2014 17:45:30.422,127.110048,37.36347172,0,50,71,0,7.86,0.23,6.47,0.06,14.5,32.16,0.8,3.52,37.36,127.11,71,1.08,0,2.05,73,0,27.84,55,25.88,26.67,1341.5,82,41.18,1.08,29,7.69,5.72,-6.82,13.9,13.95,27,50.2,58.66,16.86,43.08,0,9,0.2,-,-,307,187.91,119.99,-,-,-
Fri Mar 28 17:47:27 KST 2014,28-3-2014 17:45:32.229,127.110048,37.36347172,0,50,71,0,7.86,0.23,6.47,0.06,14.5,30.2,2.02,4.31,37.36,127.11,71,2.7,0,1.88,73,0,29.41,55,25.88,29.41,1666.75,82,41.57,1.08,28,8.41,11.55,-6.09,13.9,14.04,27,46.27,71.75,19.22,43.08,0,11,0.2,-,-,309,189.7,119.99,-,-,-
Fri Mar 28 17:47:27 KST 2014,28-3-2014 17:45:34.054,127.110048,37.36347172,0,50,71,0,7.86,0.23,6.47,0.06,14.5,10.59,1.03,1.37,37.36,127.11,71,1.38,0,7.2,73,0,19.61,55,19.61,19.22,1640.75,82,10.98,1.09,28,4.93,5.98,-9.57,14,13.96,27,50.59,22.9,9.02,43.51,0,12,0.2,-,-,311,191.55,119.99,-,-,-
Fri Mar 28 17:47:27 KST 2014,28-3-2014 17:45:35.858,127.110048,37.36347172,0,50,71,0,7.86,0.23,6.47,0.06,14.5,13.33,1.03,1.39,37.36,127.11,71,1.38,0,7.76,73,0,19.61,55,21.57,20,1207.25,82,19.61,1.09,28,3.34,5.98,-11.17,14,13.98,27,52.55,23.21,9.41,43.95,0,9,0.2,-,-,313,193.32,119.99,-,-,-
Fri Mar 28 17:47:27 KST 2014,28-3-2014 17:45:37.803,127.110048,37.36347172,0,50,71,0,7.86,0.23,6.47,0.06,14.5,11.37,-,1.24,37.36,127.11,71,-,0,6.52,73,0,18.82,55,19.61,18.82,1196.5,82,14.51,1.1,28,5.8,-,-8.7,14,13.93,27,52.55,20.71,8.63,45.25,0,8,0.2,-,-,315,195.17,119.99,-,-,-
Fri Mar 28 17:47:27 KST 2014,28-3-2014 17:45:39.538,127.110048,37.36347172,0,50,71,0,7.86,0.23,6.47,0.06,14.5,18.82,-,1.29,37.36,127.11,71,-,0,5.6,73,0,20,55,19.22,20,941.25,82,25.88,1.1,29,3.77,-,-10.73,13.8,13.99,27,52.55,21.44,9.8,43.51,0,8,0.2,-,-,317,197.05,119.99,-,-,-
Fri Mar 28 17:47:27 KST 2014,28-3-2014 17:45:41.305,127.110048,37.36347172,0,50,71,0,7.86,0.23,6.47,0.06,14.5,18.43,-,1.32,37.36,127.11,71,-,0,5.46,73,0,19.22,55,19.22,19.61,770.5,82,31.76,1.1,29,4.93,-,-9.57,13.9,13.93,27,50.59,21.99,9.02,43.51,0,4,0.2,-,-,318,198.81,119.99,-,-,-
Fri Mar 28 17:47:27 KST 2014,28-3-2014 17:45:43.064,127.110048,37.36347172,0,50,71,0,7.86,0.23,6.47,0.06,14.5,19.22,-,1.29,37.36,127.11,71,-,0,2.8,73,0,19.22,55,19.22,19.22,788,82,29.8,1.1,29,4.79,-,-9.72,14,13.93,27,48.63,21.44,9.02,60.48,0,0,0.2,-,-,320,199.96,120.57,-,-,-
Fri Mar 28 17:47:27 KST 2014,28-3-2014 17:45:44.920,127.110048,37.36347172,0,50,71,0,7.86,0.23,6.47,0.06,14.5,17.65,-,1.21,37.36,127.11,71,-,0,0,73,0,19.22,55,19.22,19.22,774.75,82,28.24,1.1,29,4.64,-,-9.86,14,13.9,27,48.24,20.22,8.63,59.61,0,0,0.2,-,-,322,199.96,122.36,-,-,-
Fri Mar 28 17:47:27 KST 2014,28-3-2014 17:45:46.767,127.110048,37.36347172,0,50,71,0,7.86,0.23,6.47,0.06,14.5,23.14,0.34,3.03,37.36,127.11,71,0.45,0,0,73,0,25.49,55,23.92,25.88,1304.25,82,38.04,1.1,29,8.27,2.46,-6.24,14,14.01,27,50.2,50.5,15.69,53.95,0,2,0.21,-,-,324,200.52,123.63,-,-,-
Fri Mar 28 17:47:27 KST 2014,28-3-2014 17:45:48.628,127.110048,37.36347172,0,50,71,0,7.86,0.23,6.47,0.06,14.5,13.73,2.97,1.5,37.36,127.11,71,3.98,0,1.2,73,0,19.22,55,19.22,20,1030,82,24.71,1.11,29,4.5,27.54,-10.01,13.9,14.02,27,54.51,25.03,9.02,43.51,0,7,0.21,-,-,326,202.48,123.63,-,-,-
Fri Mar 28 17:47:27 KST 2014,28-3-2014 17:45:50.470,127.110048,37.36347172,0,50,71,0,7.86,0.23,6.47,0.06,14.5,27.84,0.72,1.4,37.36,127.11,71,0.97,0,4.5,73,0,24.71,55,24.31,20,1058.75,82,21.96,1.11,29,4.5,6.5,-10.01,14,14.02,27,55.29,23.33,14.12,43.95,0,8,0.21,-,-,327,204.26,123.63,-,-,-
Fri Mar 28 17:47:27 KST 2014,28-3-2014 17:45:52.374,127.110048,37.36347172,0,50,71,0,7.86,0.23,6.47,0.06,14.5,14.12,2.8,2.17,37.36,127.11,71,3.75,0,3.32,73,0,21.96,55,22.35,21.57,1509.5,83,18.82,1.11,29,7.11,17.71,-7.4,13.9,14.02,27,57.65,36.12,11.37,44.38,0,11,0.21,-,-,329,206.19,123.63,-,-,-
Fri Mar 28 17:47:27 KST 2014,28-3-2014 17:45:54.146,127.110048,37.36347172,0,50,71,0,7.86,0.23,6.47,0.06,14.5,14.12,2.21,2.22,37.36,127.11,71,2.96,0,4.46,73,0,22.75,55,22.35,22.75,1617.25,83,21.57,1.12,28,4.5,13.04,-10.01,14,13.98,27,58.82,36.97,12.55,43.51,0,13,0.21,-,-,331,208.02,123.63,-,-,-
Fri Mar 28 17:47:27 KST 2014,28-3-2014 17:45:55.963,127.110048,37.36347172,0,50,71,0,7.86,0.23,6.47,0.06,14.5,10.98,1.3,1.27,37.36,127.11,71,1.74,0,9.23,73,0,18.43,56,19.61,18.04,1174,83,17.25,1.13,28,3.19,10.53,-11.31,14,13.96,27,55.69,21.14,7.84,43.08,0,14,0.21,-,-,333,209.76,123.63,-,-,-
Fri Mar 28 17:47:27 KST 2014,28-3-2014 17:45:57.826,127.110048,37.36347172,0,50,71,0,7.86,0.23,6.47,0.06,14.5,12.55,1.3,1.06,37.36,127.11,71,1.74,0,11.85,74,0,19.22,56,19.61,18.82,1107,83,16.86,1.13,29,3.19,10.53,-11.31,13.9,13.98,27,52.16,17.73,8.63,43.51,0,14,0.21,-,-,335,211.63,123.63,-,-,-
Fri Mar 28 17:47:27 KST 2014,28-3-2014 17:45:59.576,127.110048,37.36347172,0,50,71,0,7.86,0.23,6.47,0.06,14.5,15.69,-,1.3,37.36,127.11,71,-,0,9.66,74,0,19.61,56,19.61,19.61,961.5,83,23.92,1.14,29,3.92,-,-10.59,13.9,13.94,27,51.37,21.75,9.41,42.64,0,13,0.21,-,-,337,213.45,123.63,-,-,-
Fri Mar 28 17:47:27 KST 2014,28-3-2014 17:46:01.371,127.110048,37.36347172,0,50,71,0,7.86,0.23,6.47,0.06,14.5,15.69,-,1.35,37.36,127.11,71,-,0,8.65,74,0,19.61,56,19.61,19.61,978.5,83,24.31,1.15,29,4.06,-,-10.44,13.9,13.98,27,56.08,22.54,9.41,43.95,0,13,0.21,-,-,338,215.15,123.63,-,-,-
Fri Mar 28 17:47:27 KST 2014,28-3-2014 17:46:03.107,127.110048,37.36347172,0,50,71,0,7.86,0.23,6.47,0.06,14.5,16.08,1.27,1.35,37.36,127.11,71,1.7,0,8.65,74,0,19.61,56,19.61,19.61,977.5,83,24.31,1.15,29,4.21,12.38,-10.3,13.9,13.95,27,58.04,22.54,9.41,43.08,0,14,0.21,-,-,340,216.95,123.63,-,-,-
Fri Mar 28 17:47:27 KST 2014,28-3-2014 17:46:04.903,127.110048,37.36347172,0,50,71,0,7.86,0.23,6.47,0.06,14.5,16.08,1.27,1.34,37.36,127.11,71,1.7,0,9.37,74,0,19.61,56,19.61,19.61,982.5,83,24.31,1.16,29,4.21,12.38,-10.3,13.9,13.89,27,57.25,22.42,9.41,43.95,0,13,0.21,-,-,342,218.69,123.63,-,-,-
Fri Mar 28 17:47:27 KST 2014,28-3-2014 17:46:06.737,127.110048,37.36347172,0,50,71,0,7.86,0.23,6.47,0.06,14.5,16.86,-,1.4,37.36,127.11,71,-,0,8.38,74,0,20,56,20.39,20,939.75,83,26.27,1.17,29,4.35,-,-10.15,14,13.92,27,57.65,23.27,9.41,42.64,0,12,0.21,-,-,344,220.53,123.63,-,-,-
Fri Mar 28 17:47:27 KST 2014,28-3-2014 17:46:08.561,127.110048,37.36347172,0,50,71,0,7.86,0.23,6.47,0.06,14.5,15.69,1.14,1.34,37.36,127.11,71,1.52,0,8.05,74,0,19.61,56,19.61,19.61,982.25,83,23.53,1.17,29,4.21,11.05,-10.3,13.9,13.96,27,50.98,22.35,9.41,44.38,0,13,0.22,-,-,346,222.39,123.63,-,-,-
Fri Mar 28 17:47:27 KST 2014,28-3-2014 17:46:10.435,127.110048,37.36347172,0,50,71,0,7.86,0.23,6.47,0.06,14.5,29.02,1.21,1.25,37.36,127.11,71,1.62,0,9.33,74,0,25.88,56,23.92,24.31,1179.5,83,18.82,1.18,29,4.06,9.79,-10.44,14,14,27,51.37,20.89,15.69,43.95,0,14,0.22,-,-,347,224.26,123.63,-,-,-
Fri Mar 28 17:47:27 KST 2014,28-3-2014 17:46:12.279,127.110048,37.36347172,0,50,71,0,7.86,0.23,6.47,0.06,14.5,10.59,2.81,3.13,37.36,127.11,71,3.77,0,4.02,74,0,20.39,56,21.18,26.27,1464,83,34.51,1.19,29,7.69,18.32,-6.82,14,14.06,27,58.82,52.2,11.37,43.95,0,16,0.22,-,-,349,226.1,123.63,-,-,-
Fri Mar 28 17:47:27 KST 2014,28-3-2014 17:46:14.047,127.110048,37.36347172,0,50,71,0,7.86,0.23,6.47,0.06,14.5,10.98,2.81,1.24,37.36,127.11,71,3.77,0,11.59,74,0,18.82,56,19.22,19.22,1269.75,83,15.69,1.2,29,3.19,18.32,-11.31,13.9,13.97,27,61.18,20.71,8.63,44.38,0,16,0.22,-,-,351,227.9,123.63,-,-,-
Fri Mar 28 17:47:27 KST 2014,28-3-2014 17:46:15.914,127.110048,37.36347172,0,50,71,0,7.86,0.23,6.47,0.06,14.5,10.98,-,1.08,37.36,127.11,71,-,0,13.36,74,0,18.43,56,19.22,18.43,1136.25,83,16.08,1.2,29,3.19,-,-11.31,13.9,13.95,27,56.86,17.97,8.24,43.51,0,14,0.22,-,-,353,229.7,123.63,-,-,-
Fri Mar 28 17:47:27 KST 2014,28-3-2014 17:46:17.794,127.110048,37.36347172,0,50,71,0,7.86,0.23,6.47,0.06,14.5,16.47,-,1.25,37.36,127.11,71,-,0,10.11,74,0,19.61,56,19.61,19.22,1000.5,83,21.96,1.21,29,3.63,-,-10.88,13.9,13.93,27,51.37,20.77,9.41,44.38,0,13,0.22,-,-,355,231.58,123.63,-,-,-
Fri Mar 28 17:47:27 KST 2014,28-3-2014 17:46:19.646,127.110048,37.36347172,0,50,71,0,7.86,0.23,6.47,0.06,14.5,17.65,-,1.38,37.36,127.11,71,-,0,8.49,74,0,20,56,21.18,20,927.75,83,26.67,1.22,29,4.35,-,-10.15,13.9,13.95,27,54.12,22.96,9.8,44.38,0,11,0.22,-,-,357,233.45,123.63,-,-,-
Fri Mar 28 17:47:27 KST 2014,28-3-2014 17:46:21.642,127.110048,37.36347172,0,50,71,0,7.86,0.23,6.47,0.06,14.5,10.98,-,1.7,37.36,127.11,71,-,0,5.83,74,0,18.82,56,19.22,18.43,1244.75,83,16.08,1.22,29,4.79,-,-9.72,14,13.99,27,56.08,28.32,8.63,45.25,0,10,0.22,-,-,359,235.42,123.63,-,-,-
Fri Mar 28 17:47:27 KST 2014,28-3-2014 17:46:23.500,127.110048,37.36347172,0,50,71,0,7.86,0.23,6.47,0.06,14.5,14.9,-,1.19,37.36,127.11,71,-,0,7.58,74,0,19.22,56,19.61,19.22,1099,84,18.82,1.23,29,3.48,-,-11.02,14,13.96,27,52.55,19.8,9.02,43.51,0,9,0.22,-,-,360,237.29,123.63,-,-,-
Fri Mar 28 17:47:27 KST 2014,28-3-2014 17:46:25.355,127.110048,37.36347172,0,50,71,0,7.86,0.23,6.47,0.06,14.5,18.43,-,1.4,37.36,127.11,71,-,0,5.8,74,0,19.61,56,19.61,19.61,828.5,84,30.2,1.23,29,5.08,-,-9.43,13.9,13.96,27,48.63,23.27,9.02,43.95,0,2,0.22,-,-,362,239.24,123.63,-,-,-
Fri Mar 28 17:47:27 KST 2014,28-3-2014 17:46:27.306,127.110048,37.36347172,0,50,71,0,7.86,0.23,6.47,0.06,14.5,18.04,-,1.33,37.36,127.11,71,-,0,1.35,74,0,19.22,56,19.61,19.61,778.5,83,30.98,1.23,29,4.93,-,-9.57,13.8,13.9,27,46.67,22.17,9.02,60.48,0,0,0.22,-,-,364,240.5,124.27,-,-,-
Fri Mar 28 17:47:27 KST 2014,28-3-2014 17:46:29.120,127.110048,37.36347172,0,50,71,0,7.86,0.23,6.47,0.06,14.5,20.39,-,1.17,37.36,127.11,71,-,0,0,74,0,19.61,56,19.61,19.22,769,84,28.63,1.23,29,4.5,-,-10.01,13.9,13.95,27,50.2,19.43,9.41,56.56,0,0,0.22,-,-,366,240.5,126.06,-,-,-
Fri Mar 28 17:47:27 KST 2014,28-3-2014 17:46:30.979,127.110048,37.36347172,0,50,71,0,7.86,0.23,6.47,0.06,14.5,18.04,-,1.41,37.36,127.11,71,-,0,0,74,0,18.82,56,19.61,19.22,748,84,32.16,1.23,29,5.22,-,-9.28,13.9,13.87,27,52.16,23.45,8.63,58.74,0,0,0.22,-,-,368,240.5,127.92,-,-,-
Fri Mar 28 17:47:27 KST 2014,28-3-2014 17:46:32.780,127.110048,37.36347172,0,50,71,0,7.86,0.23,6.47,0.06,14.5,18.43,0.09,1.23,37.36,127.11,71,0.12,0,0,74,0,19.22,57,19.61,19.22,755,84,29.41,1.23,29,5.08,1.14,-9.43,14,14,27,52.16,20.47,8.63,54.39,0,1,0.23,-,-,370,241.04,129.14,-,-,-
Fri Mar 28 17:47:27 KST 2014,28-3-2014 17:46:34.658,127.110048,37.36347172,0,50,71,0,7.86,0.23,6.47,0.06,14.5,17.65,0.09,1.28,37.36,127.11,71,0.12,0,0.71,74,0,18.82,57,19.22,19.22,756,84,30.59,1.23,29,5.08,1.14,-9.43,14,14.06,27,51.76,21.26,8.63,44.82,0,1,0.23,-,-,372,242.93,129.14,-,-,-
Fri Mar 28 17:47:27 KST 2014,28-3-2014 17:46:36.437,127.110048,37.36347172,0,50,71,0,7.86,0.23,6.47,0.06,14.5,19.61,-,1.15,37.36,127.11,71,-,0,0.78,74,0,19.61,57,19.22,19.22,766.75,84,27.84,1.23,29,4.64,-,-9.86,13.9,13.88,27,52.55,19.25,9.02,54.39,0,0,0.23,-,-,373,244.18,129.76,-,-,-
Fri Mar 28 17:47:27 KST 2014,28-3-2014 17:46:38.275,127.110048,37.36347172,0,50,71,0,7.86,0.23,6.47,0.06,14.5,17.65,-,1.16,37.36,127.11,71,-,0,0,74,0,18.82,57,19.61,18.43,763.5,84,27.45,1.23,29,4.79,-,-9.72,14,13.99,27,52.94,19.37,8.63,55.26,0,0,0.23,-,-,375,244.18,131.52,-,-,-
Fri Mar 28 17:47:27 KST 2014,28-3-2014 17:46:40.112,127.110048,37.36347172,0,50,71,0,7.86,0.23,6.47,0.06,14.5,17.25,0.09,1.11,37.36,127.11,71,0.12,0,0,75,0,18.43,57,19.61,18.43,754.5,84,27.06,1.23,29,4.64,1.12,-9.86,14,13.97,27,54.12,18.52,8.24,54.39,0,1,0.23,-,-,377,244.78,132.76,-,-,-
Fri Mar 28 17:47:27 KST 2014,28-3-2014 17:46:41.999,127.110048,37.36347172,0,50,71,0,7.86,0.23,6.47,0.06,14.5,16.86,0.18,1.14,37.36,127.11,71,0.24,0,0.79,75,0,18.43,57,19.61,18.82,749.75,84,28.24,1.23,29,4.79,2.24,-9.72,13.9,13.93,27,53.73,19,8.24,42.64,0,2,0.23,-,-,379,246.65,132.76,-,-,-
Fri Mar 28 17:47:27 KST 2014,28-3-2014 17:46:43.785,127.110048,37.36347172,0,50,71,0,7.86,0.23,6.47,0.06,14.5,17.25,0.18,1.13,37.36,127.11,71,0.24,0,1.59,75,0,18.82,57,19.22,18.82,746,84,27.84,1.23,29,4.64,2.24,-9.86,14,13.98,27,52.16,18.82,8.63,59.61,0,0,0.23,-,-,381,247.87,133.33,-,-,-
Fri Mar 28 17:47:27 KST 2014,28-3-2014 17:46:45.714,127.110048,37.36347172,0,50,71,0,7.86,0.23,6.47,0.06,14.5,16.47,-,1.1,37.36,127.11,71,-,0,0,75,0,18.43,57,19.22,18.43,764.25,84,26.67,1.23,29,4.64,-,-9.86,13.9,13.99,27,51.76,18.4,8.24,53.08,0,0,0.23,-,-,383,247.87,135.23,-,-,-
Fri Mar 28 17:47:27 KST 2014,28-3-2014 17:46:47.572,127.110048,37.36347172,0,50,71,0,7.86,0.23,6.47,0.06,14.5,16.86,-,1.11,37.36,127.11,71,-,0,0,75,0,18.43,57,19.22,18.43,759.75,84,27.06,1.23,29,4.64,-,-9.86,13.9,13.98,27,52.94,18.46,8.24,58.31,0,0,0.23,-,-,385,247.87,137.15,-,-,-
Fri Mar 28 17:47:27 KST 2014,28-3-2014 17:46:49.344,127.110048,37.36347172,0,50,71,0,7.86,0.23,6.47,0.06,14.5,15.29,-,1.09,37.36,127.11,71,-,0,0,75,0,17.25,57,19.22,17.65,727.25,84,25.1,1.23,29,4.79,-,-9.72,14,14.1,27,53.73,18.21,7.06,55.69,0,0,0.23,-,-,386,247.87,138.97,-,-,-
Fri Mar 28 17:47:27 KST 2014,28-3-2014 17:46:51.190,127.110048,37.36347172,0,50,71,0,7.86,0.23,6.47,0.06,14.5,14.12,-,1.02,37.36,127.11,71,-,0,0,75,0,17.65,57,19.22,18.04,745.25,84,25.1,1.23,29,4.35,-,-10.15,14,13.98,27,53.73,16.93,7.06,55.26,0,0,0.23,-,-,388,247.87,140.79,-,-,-
Fri Mar 28 17:47:27 KST 2014,28-3-2014 17:46:52.985,127.110048,37.36347172,0,50,71,0,7.86,0.23,6.47,0.06,14.5,0,-,1.02,37.36,127.11,71,-,0,0,75,0,21.96,57,19.22,21.96,0,84,0,1.23,29,8.12,-,-6.38,12.8,0,27,54.12,16.93,11.37,73.1,0,0,0.23,-,-,390,247.87,142.59,-,-,-
Fri Mar 28 17:47:27 KST 2014,28-3-2014 17:46:55.032,127.110048,37.36347172,0,50,71,0,7.86,0.23,6.47,0.06,14.5,0,-,1.02,37.36,127.11,71,-,0,0,75,0,31.76,56,19.22,31.76,0,84,0,1.23,30,14.5,-,0,12.7,0,27,53.73,16.93,21.57,73.1,0,0,0.23,-,-,392,247.87,144.47,-,-,-
GPS Time, Device Time, Longitude, Latitude,GPS Speed (Meters/second), Horizontal Dilution of Precision, Altitude, Bearing, G(x), G(y), G(z), G(calibrated),Barometric pressure (from vehicle)(psi),Engine Load(Absolute)(%),Engine kW (At the wheels)(kW),Fuel flow rate/hour(l/hr),GPS Latitude(°),GPS Longitude(°),GPS Altitude(m),Horsepower (At the wheels)(hp),GPS Bearing(°),Kilometers Per Litre(Instant)(kpl),Oil Temperature (Engine)(°C),Oil Pressure (Engine)(psi),Absolute Throttle Position B(%),Transmission Fluid Temp (GM Method 1)(°C),Accelerator PedalPosition D(%),Throttle Position(Manifold)(%),Engine RPM(rpm),Engine Coolant Temperature(°C),Engine Load(%),Trip Distance(km),Intake Air Temperature(°C),Intake Manifold Pressure(psi),Torque(Nm),Turbo Boost & Vacuum Gauge(psi),Voltage (OBD Adapter)(V),Voltage (Control Module)(V),Ambient air temp(°C),Fuel Level (From Engine ECU)(%),Fuel flow rate/minute(cc/min),Relative Throttle Position(%),Fuel pressure(psi),Speed (GPS)(km/h),Speed (OBD)(km/h),Fuel used (trip)(l),Fuel tank pressure(psi),Outside air temperature(°C),Trip Time(Since journey start)(s),Trip time(whilst moving)(s),Trip time(whilst stationary)(s),Engine Oil Temperature(°C),Transmission Temperature(Method 1)(°C),Transmission Temperature(Method 2)(°C)
Fri Mar 28 17:47:27 KST 2014,28-3-2014 17:46:57.235,127.110048,37.36347172,0,50,71,0,7.86,0.23,6.47,0.06,14.5,0,-,1.02,37.36,127.11,71,-,0,0,75,0,31.76,56,19.22,31.76,0,85,0,1.23,31,14.5,-,0,12.7,0,27,53.73,16.93,21.57,73.1,0,0,0.23,-,-,394,247.87,146.76,-,-,-
